CREATE TABLE [dbo].[country] (
    [ID]                 INT            IDENTITY (1, 1) NOT NULL,
    [iso2]               VARCHAR (2)    NOT NULL,
    [country_name]       NVARCHAR (100) NOT NULL,
    [iso3]               VARCHAR (3)    NOT NULL,
    [capital]            NVARCHAR (100) NULL,
    [area]               INT            NULL,
    [country_population] BIGINT         NULL,
    [currency]           NVARCHAR (3)   NULL,
    [languages]          NVARCHAR (100) NULL,
    CONSTRAINT [PK_country] PRIMARY KEY CLUSTERED ([ID] ASC)
);

CREATE TABLE [dbo].[continent] (
    [ID]             VARCHAR (2)   NOT NULL,
    [continent_name] NVARCHAR (20) NOT NULL,
    CONSTRAINT [PK_continent] PRIMARY KEY CLUSTERED ([ID] ASC)
);

CREATE TABLE [dbo].[country_continent_link] (
    [country_ID]   INT         NOT NULL,
    [continent_ID] VARCHAR (2) NOT NULL,
    CONSTRAINT [PK_country_continent_link] PRIMARY KEY CLUSTERED ([continent_ID] ASC, [country_ID] ASC),
    CONSTRAINT [FK_country_on_continent] FOREIGN KEY ([continent_ID]) REFERENCES [dbo].[continent] ([ID]),
    CONSTRAINT [FK_continent_has_country] FOREIGN KEY ([country_ID]) REFERENCES [dbo].[country] ([ID]) ON DELETE CASCADE
);

SET IDENTITY_INSERT [dbo].[country] ON
INSERT INTO [dbo].[country] ([ID], [iso2], [country_name], [iso3], [capital], [area], [country_population], [currency], [languages]) VALUES (1, N'AD', N'Andorra', N'AND', N'Andorra la Vella', 4680, 84000, N'EUR', N'ca')
INSERT INTO [dbo].[country] ([ID], [iso2], [country_name], [iso3], [capital], [area], [country_population], [currency], [languages]) VALUES (2, N'AE', N'United Arab Emirates', N'ARE', N'Abu Dhabi', 828800, 4975593, N'AED', N'ar-AE,fa,en,hi,ur')
INSERT INTO [dbo].[country] ([ID], [iso2], [country_name], [iso3], [capital], [area], [country_population], [currency], [languages]) VALUES (3, N'AF', N'Afghanistan', N'AFG', N'Kabul', 6475000, 29121286, N'AFN', N'fa-AF,ps,uz-AF,tk')
INSERT INTO [dbo].[country] ([ID], [iso2], [country_name], [iso3], [capital], [area], [country_population], [currency], [languages]) VALUES (4, N'AG', N'Antigua and Barbuda', N'ATG', N'St. John''s', 4430, 86754, N'XCD', N'en-AG')
INSERT INTO [dbo].[country] ([ID], [iso2], [country_name], [iso3], [capital], [area], [country_population], [currency], [languages]) VALUES (5, N'AI', N'Anguilla', N'AIA', N'The Valley', 1020, 13254, N'XCD', N'en-AI')
INSERT INTO [dbo].[country] ([ID], [iso2], [country_name], [iso3], [capital], [area], [country_population], [currency], [languages]) VALUES (6, N'AL', N'Albania', N'ALB', N'Tirana', 287480, 2986952, N'ALL', N'sq,el')
INSERT INTO [dbo].[country] ([ID], [iso2], [country_name], [iso3], [capital], [area], [country_population], [currency], [languages]) VALUES (7, N'AM', N'Armenia', N'ARM', N'Yerevan', 298000, 2968000, N'AMD', N'hy')
INSERT INTO [dbo].[country] ([ID], [iso2], [country_name], [iso3], [capital], [area], [country_population], [currency], [languages]) VALUES (8, N'AO', N'Angola', N'AGO', N'Luanda', 12467000, 13068161, N'AOA', N'pt-AO')
INSERT INTO [dbo].[country] ([ID], [iso2], [country_name], [iso3], [capital], [area], [country_population], [currency], [languages]) VALUES (9, N'AR', N'Argentina', N'ARG', N'Buenos Aires', 27668900, 41343201, N'ARS', N'es-AR,en,it,de,fr,gn')
INSERT INTO [dbo].[country] ([ID], [iso2], [country_name], [iso3], [capital], [area], [country_population], [currency], [languages]) VALUES (10, N'AS', N'American Samoa', N'ASM', N'Pago Pago', 1990, 57881, N'USD', N'en-AS,sm,to')
INSERT INTO [dbo].[country] ([ID], [iso2], [country_name], [iso3], [capital], [area], [country_population], [currency], [languages]) VALUES (11, N'AT', N'Austria', N'AUT', N'Vienna', 838580, 8205000, N'EUR', N'de-AT,hr,hu,sl')
INSERT INTO [dbo].[country] ([ID], [iso2], [country_name], [iso3], [capital], [area], [country_population], [currency], [languages]) VALUES (12, N'AU', N'Australia', N'AUS', N'Canberra', 76868500, 21515754, N'AUD', N'en-AU')
INSERT INTO [dbo].[country] ([ID], [iso2], [country_name], [iso3], [capital], [area], [country_population], [currency], [languages]) VALUES (13, N'AW', N'Aruba', N'ABW', N'Oranjestad', 1930, 71566, N'AWG', N'nl-AW,pap,es,en')
INSERT INTO [dbo].[country] ([ID], [iso2], [country_name], [iso3], [capital], [area], [country_population], [currency], [languages]) VALUES (14, N'AX', N'Åland', N'ALA', N'Mariehamn', 15800, 26711, N'EUR', N'sv-AX')
INSERT INTO [dbo].[country] ([ID], [iso2], [country_name], [iso3], [capital], [area], [country_population], [currency], [languages]) VALUES (15, N'AZ', N'Azerbaijan', N'AZE', N'Baku', 866000, 8303512, N'AZN', N'az,ru,hy')
INSERT INTO [dbo].[country] ([ID], [iso2], [country_name], [iso3], [capital], [area], [country_population], [currency], [languages]) VALUES (16, N'BA', N'Bosnia and Herzegovina', N'BIH', N'Sarajevo', 511290, 4590000, N'BAM', N'bs,hr-BA,sr-BA')
INSERT INTO [dbo].[country] ([ID], [iso2], [country_name], [iso3], [capital], [area], [country_population], [currency], [languages]) VALUES (17, N'BB', N'Barbados', N'BRB', N'Bridgetown', 4310, 285653, N'BBD', N'en-BB')
INSERT INTO [dbo].[country] ([ID], [iso2], [country_name], [iso3], [capital], [area], [country_population], [currency], [languages]) VALUES (18, N'BD', N'Bangladesh', N'BGD', N'Dhaka', 1440000, 156118464, N'BDT', N'bn-BD,en')
INSERT INTO [dbo].[country] ([ID], [iso2], [country_name], [iso3], [capital], [area], [country_population], [currency], [languages]) VALUES (19, N'BE', N'Belgium', N'BEL', N'Brussels', 305100, 10403000, N'EUR', N'nl-BE,fr-BE,de-BE')
INSERT INTO [dbo].[country] ([ID], [iso2], [country_name], [iso3], [capital], [area], [country_population], [currency], [languages]) VALUES (20, N'BF', N'Burkina Faso', N'BFA', N'Ouagadougou', 2742000, 16241811, N'XOF', N'fr-BF,mos')
INSERT INTO [dbo].[country] ([ID], [iso2], [country_name], [iso3], [capital], [area], [country_population], [currency], [languages]) VALUES (21, N'BG', N'Bulgaria', N'BGR', N'Sofia', 1109100, 7148785, N'BGN', N'bg,tr-BG,rom')
INSERT INTO [dbo].[country] ([ID], [iso2], [country_name], [iso3], [capital], [area], [country_population], [currency], [languages]) VALUES (22, N'BH', N'Bahrain', N'BHR', N'Manama', 6650, 738004, N'BHD', N'ar-BH,en,fa,ur')
INSERT INTO [dbo].[country] ([ID], [iso2], [country_name], [iso3], [capital], [area], [country_population], [currency], [languages]) VALUES (23, N'BI', N'Burundi', N'BDI', N'Bujumbura', 278300, 9863117, N'BIF', N'fr-BI,rn')
INSERT INTO [dbo].[country] ([ID], [iso2], [country_name], [iso3], [capital], [area], [country_population], [currency], [languages]) VALUES (24, N'BJ', N'Benin', N'BEN', N'Porto-Novo', 1126200, 9056010, N'XOF', N'fr-BJ')
INSERT INTO [dbo].[country] ([ID], [iso2], [country_name], [iso3], [capital], [area], [country_population], [currency], [languages]) VALUES (25, N'BL', N'Saint Barthélemy', N'BLM', N'Gustavia', 210, 8450, N'EUR', N'fr')
INSERT INTO [dbo].[country] ([ID], [iso2], [country_name], [iso3], [capital], [area], [country_population], [currency], [languages]) VALUES (26, N'BM', N'Bermuda', N'BMU', N'Hamilton', 530, 65365, N'BMD', N'en-BM,pt')
INSERT INTO [dbo].[country] ([ID], [iso2], [country_name], [iso3], [capital], [area], [country_population], [currency], [languages]) VALUES (27, N'BN', N'Brunei', N'BRN', N'Bandar Seri Begawan', 57700, 395027, N'BND', N'ms-BN,en-BN')
INSERT INTO [dbo].[country] ([ID], [iso2], [country_name], [iso3], [capital], [area], [country_population], [currency], [languages]) VALUES (28, N'BO', N'Bolivia', N'BOL', N'Sucre', 10985800, 9947418, N'BOB', N'es-BO,qu,ay')
INSERT INTO [dbo].[country] ([ID], [iso2], [country_name], [iso3], [capital], [area], [country_population], [currency], [languages]) VALUES (29, N'BQ', N'Bonaire', N'BES', N'Kralendijk', 3280, 18012, N'USD', N'nl,pap,en')
INSERT INTO [dbo].[country] ([ID], [iso2], [country_name], [iso3], [capital], [area], [country_population], [currency], [languages]) VALUES (30, N'BR', N'Brazil', N'BRA', N'Brasília', 85119650, 201103330, N'BRL', N'pt-BR,es,en,fr')
INSERT INTO [dbo].[country] ([ID], [iso2], [country_name], [iso3], [capital], [area], [country_population], [currency], [languages]) VALUES (31, N'BS', N'Bahamas', N'BHS', N'Nassau', 139400, 301790, N'BSD', N'en-BS')
INSERT INTO [dbo].[country] ([ID], [iso2], [country_name], [iso3], [capital], [area], [country_population], [currency], [languages]) VALUES (32, N'BT', N'Bhutan', N'BTN', N'Thimphu', 470000, 699847, N'BTN', N'dz')
INSERT INTO [dbo].[country] ([ID], [iso2], [country_name], [iso3], [capital], [area], [country_population], [currency], [languages]) VALUES (33, N'BV', N'Bouvet Island', N'BVT', N'', 490, 0, N'NOK', N'')
INSERT INTO [dbo].[country] ([ID], [iso2], [country_name], [iso3], [capital], [area], [country_population], [currency], [languages]) VALUES (34, N'BW', N'Botswana', N'BWA', N'Gaborone', 6003700, 2029307, N'BWP', N'en-BW,tn-BW')
INSERT INTO [dbo].[country] ([ID], [iso2], [country_name], [iso3], [capital], [area], [country_population], [currency], [languages]) VALUES (35, N'BY', N'Belarus', N'BLR', N'Minsk', 2076000, 9685000, N'BYN', N'be,ru')
INSERT INTO [dbo].[country] ([ID], [iso2], [country_name], [iso3], [capital], [area], [country_population], [currency], [languages]) VALUES (36, N'BZ', N'Belize', N'BLZ', N'Belmopan', 229660, 314522, N'BZD', N'en-BZ,es')
INSERT INTO [dbo].[country] ([ID], [iso2], [country_name], [iso3], [capital], [area], [country_population], [currency], [languages]) VALUES (37, N'CA', N'Canada', N'CAN', N'Ottawa', 99846700, 33679000, N'CAD', N'en-CA,fr-CA,iu')
INSERT INTO [dbo].[country] ([ID], [iso2], [country_name], [iso3], [capital], [area], [country_population], [currency], [languages]) VALUES (38, N'CC', N'Cocos [Keeling] Islands', N'CCK', N'West Island', 140, 628, N'AUD', N'ms-CC,en')
INSERT INTO [dbo].[country] ([ID], [iso2], [country_name], [iso3], [capital], [area], [country_population], [currency], [languages]) VALUES (39, N'CD', N'Democratic Republic of the Congo', N'COD', N'Kinshasa', 23454100, 70916439, N'CDF', N'fr-CD,ln,ktu,kg,sw,lua')
INSERT INTO [dbo].[country] ([ID], [iso2], [country_name], [iso3], [capital], [area], [country_population], [currency], [languages]) VALUES (40, N'CF', N'Central African Republic', N'CAF', N'Bangui', 6229840, 4844927, N'XAF', N'fr-CF,sg,ln,kg')
INSERT INTO [dbo].[country] ([ID], [iso2], [country_name], [iso3], [capital], [area], [country_population], [currency], [languages]) VALUES (41, N'CG', N'Republic of the Congo', N'COG', N'Brazzaville', 3420000, 3039126, N'XAF', N'fr-CG,kg,ln-CG')
INSERT INTO [dbo].[country] ([ID], [iso2], [country_name], [iso3], [capital], [area], [country_population], [currency], [languages]) VALUES (42, N'CH', N'Switzerland', N'CHE', N'Bern', 412900, 8484100, N'CHF', N'de-CH,fr-CH,it-CH,rm')
INSERT INTO [dbo].[country] ([ID], [iso2], [country_name], [iso3], [capital], [area], [country_population], [currency], [languages]) VALUES (43, N'CI', N'Ivory Coast', N'CIV', N'Yamoussoukro', 3224600, 21058798, N'XOF', N'fr-CI')
INSERT INTO [dbo].[country] ([ID], [iso2], [country_name], [iso3], [capital], [area], [country_population], [currency], [languages]) VALUES (44, N'CK', N'Cook Islands', N'COK', N'Avarua', 2400, 21388, N'NZD', N'en-CK,mi')
INSERT INTO [dbo].[country] ([ID], [iso2], [country_name], [iso3], [capital], [area], [country_population], [currency], [languages]) VALUES (45, N'CL', N'Chile', N'CHL', N'Santiago', 7569500, 16746491, N'CLP', N'es-CL')
INSERT INTO [dbo].[country] ([ID], [iso2], [country_name], [iso3], [capital], [area], [country_population], [currency], [languages]) VALUES (46, N'CM', N'Cameroon', N'CMR', N'Yaoundé', 4754400, 19294149, N'XAF', N'en-CM,fr-CM')
INSERT INTO [dbo].[country] ([ID], [iso2], [country_name], [iso3], [capital], [area], [country_population], [currency], [languages]) VALUES (47, N'CN', N'China', N'CHN', N'Beijing', 95969600, 1330044000, N'CNY', N'zh-CN,yue,wuu,dta,ug,za')
INSERT INTO [dbo].[country] ([ID], [iso2], [country_name], [iso3], [capital], [area], [country_population], [currency], [languages]) VALUES (48, N'CO', N'Colombia', N'COL', N'Bogotá', 11389100, 47790000, N'COP', N'es-CO')
INSERT INTO [dbo].[country] ([ID], [iso2], [country_name], [iso3], [capital], [area], [country_population], [currency], [languages]) VALUES (49, N'CR', N'Costa Rica', N'CRI', N'San José', 511000, 4516220, N'CRC', N'es-CR,en')
INSERT INTO [dbo].[country] ([ID], [iso2], [country_name], [iso3], [capital], [area], [country_population], [currency], [languages]) VALUES (50, N'CU', N'Cuba', N'CUB', N'Havana', 1108600, 11423000, N'CUP', N'es-CU,pap')
INSERT INTO [dbo].[country] ([ID], [iso2], [country_name], [iso3], [capital], [area], [country_population], [currency], [languages]) VALUES (51, N'CV', N'Cape Verde', N'CPV', N'Praia', 40330, 508659, N'CVE', N'pt-CV')
INSERT INTO [dbo].[country] ([ID], [iso2], [country_name], [iso3], [capital], [area], [country_population], [currency], [languages]) VALUES (52, N'CW', N'Curacao', N'CUW', N'Willemstad', 4440, 141766, N'ANG', N'nl,pap')
INSERT INTO [dbo].[country] ([ID], [iso2], [country_name], [iso3], [capital], [area], [country_population], [currency], [languages]) VALUES (53, N'CX', N'Christmas Island', N'CXR', N'Flying Fish Cove', 1350, 1500, N'AUD', N'en,zh,ms-CC')
INSERT INTO [dbo].[country] ([ID], [iso2], [country_name], [iso3], [capital], [area], [country_population], [currency], [languages]) VALUES (54, N'CY', N'Cyprus', N'CYP', N'Nicosia', 92500, 1102677, N'EUR', N'el-CY,tr-CY,en')
INSERT INTO [dbo].[country] ([ID], [iso2], [country_name], [iso3], [capital], [area], [country_population], [currency], [languages]) VALUES (55, N'CZ', N'Czechia', N'CZE', N'Prague', 788660, 10476000, N'CZK', N'cs,sk')
INSERT INTO [dbo].[country] ([ID], [iso2], [country_name], [iso3], [capital], [area], [country_population], [currency], [languages]) VALUES (56, N'DE', N'Germany', N'DEU', N'Berlin', 3570210, 81802257, N'EUR', N'de')
INSERT INTO [dbo].[country] ([ID], [iso2], [country_name], [iso3], [capital], [area], [country_population], [currency], [languages]) VALUES (57, N'DJ', N'Djibouti', N'DJI', N'Djibouti', 230000, 740528, N'DJF', N'fr-DJ,ar,so-DJ,aa')
INSERT INTO [dbo].[country] ([ID], [iso2], [country_name], [iso3], [capital], [area], [country_population], [currency], [languages]) VALUES (58, N'DK', N'Denmark', N'DNK', N'Copenhagen', 430940, 5484000, N'DKK', N'da-DK,en,fo,de-DK')
INSERT INTO [dbo].[country] ([ID], [iso2], [country_name], [iso3], [capital], [area], [country_population], [currency], [languages]) VALUES (59, N'DM', N'Dominica', N'DMA', N'Roseau', 7540, 72813, N'XCD', N'en-DM')
INSERT INTO [dbo].[country] ([ID], [iso2], [country_name], [iso3], [capital], [area], [country_population], [currency], [languages]) VALUES (60, N'DO', N'Dominican Republic', N'DOM', N'Santo Domingo', 487300, 9823821, N'DOP', N'es-DO')
INSERT INTO [dbo].[country] ([ID], [iso2], [country_name], [iso3], [capital], [area], [country_population], [currency], [languages]) VALUES (61, N'DZ', N'Algeria', N'DZA', N'Algiers', 23817400, 34586184, N'DZD', N'ar-DZ')
INSERT INTO [dbo].[country] ([ID], [iso2], [country_name], [iso3], [capital], [area], [country_population], [currency], [languages]) VALUES (62, N'EC', N'Ecuador', N'ECU', N'Quito', 2835600, 14790608, N'USD', N'es-EC')
INSERT INTO [dbo].[country] ([ID], [iso2], [country_name], [iso3], [capital], [area], [country_population], [currency], [languages]) VALUES (63, N'EE', N'Estonia', N'EST', N'Tallinn', 452260, 1291170, N'EUR', N'et,ru')
INSERT INTO [dbo].[country] ([ID], [iso2], [country_name], [iso3], [capital], [area], [country_population], [currency], [languages]) VALUES (64, N'EG', N'Egypt', N'EGY', N'Cairo', 10014500, 80471869, N'EGP', N'ar-EG,en,fr')
INSERT INTO [dbo].[country] ([ID], [iso2], [country_name], [iso3], [capital], [area], [country_population], [currency], [languages]) VALUES (65, N'EH', N'Western Sahara', N'ESH', N'Laâyoune / El Aaiún', 2660000, 273008, N'MAD', N'ar,mey')
INSERT INTO [dbo].[country] ([ID], [iso2], [country_name], [iso3], [capital], [area], [country_population], [currency], [languages]) VALUES (66, N'ER', N'Eritrea', N'ERI', N'Asmara', 1213200, 5792984, N'ERN', N'aa-ER,ar,tig,kun,ti-ER')
INSERT INTO [dbo].[country] ([ID], [iso2], [country_name], [iso3], [capital], [area], [country_population], [currency], [languages]) VALUES (67, N'ES', N'Spain', N'ESP', N'Madrid', 5047820, 46505963, N'EUR', N'es-ES,ca,gl,eu,oc')
INSERT INTO [dbo].[country] ([ID], [iso2], [country_name], [iso3], [capital], [area], [country_population], [currency], [languages]) VALUES (68, N'ET', N'Ethiopia', N'ETH', N'Addis Ababa', 11271270, 88013491, N'ETB', N'am,en-ET,om-ET,ti-ET,so-ET,sid')
INSERT INTO [dbo].[country] ([ID], [iso2], [country_name], [iso3], [capital], [area], [country_population], [currency], [languages]) VALUES (69, N'FI', N'Finland', N'FIN', N'Helsinki', 3370300, 5244000, N'EUR', N'fi-FI,sv-FI,smn')
INSERT INTO [dbo].[country] ([ID], [iso2], [country_name], [iso3], [capital], [area], [country_population], [currency], [languages]) VALUES (70, N'FJ', N'Fiji', N'FJI', N'Suva', 182700, 875983, N'FJD', N'en-FJ,fj')
INSERT INTO [dbo].[country] ([ID], [iso2], [country_name], [iso3], [capital], [area], [country_population], [currency], [languages]) VALUES (71, N'FK', N'Falkland Islands', N'FLK', N'Stanley', 121730, 2638, N'FKP', N'en-FK')
INSERT INTO [dbo].[country] ([ID], [iso2], [country_name], [iso3], [capital], [area], [country_population], [currency], [languages]) VALUES (72, N'FM', N'Micronesia', N'FSM', N'Palikir', 7020, 107708, N'USD', N'en-FM,chk,pon,yap,kos,uli,woe,nkr,kpg')
INSERT INTO [dbo].[country] ([ID], [iso2], [country_name], [iso3], [capital], [area], [country_population], [currency], [languages]) VALUES (73, N'FO', N'Faroe Islands', N'FRO', N'Tórshavn', 13990, 48228, N'DKK', N'fo,da-FO')
INSERT INTO [dbo].[country] ([ID], [iso2], [country_name], [iso3], [capital], [area], [country_population], [currency], [languages]) VALUES (74, N'FR', N'France', N'FRA', N'Paris', 5470300, 64768389, N'EUR', N'fr-FR,frp,br,co,ca,eu,oc')
INSERT INTO [dbo].[country] ([ID], [iso2], [country_name], [iso3], [capital], [area], [country_population], [currency], [languages]) VALUES (75, N'GA', N'Gabon', N'GAB', N'Libreville', 2676670, 1545255, N'XAF', N'fr-GA')
INSERT INTO [dbo].[country] ([ID], [iso2], [country_name], [iso3], [capital], [area], [country_population], [currency], [languages]) VALUES (76, N'GB', N'United Kingdom', N'GBR', N'London', 2448200, 62348447, N'GBP', N'en-GB,cy-GB,gd')
INSERT INTO [dbo].[country] ([ID], [iso2], [country_name], [iso3], [capital], [area], [country_population], [currency], [languages]) VALUES (77, N'GD', N'Grenada', N'GRD', N'St. Georges', 3440, 107818, N'XCD', N'en-GD')
INSERT INTO [dbo].[country] ([ID], [iso2], [country_name], [iso3], [capital], [area], [country_population], [currency], [languages]) VALUES (78, N'GE', N'Georgia', N'GEO', N'Tbilisi', 697000, 4630000, N'GEL', N'ka,ru,hy,az')
INSERT INTO [dbo].[country] ([ID], [iso2], [country_name], [iso3], [capital], [area], [country_population], [currency], [languages]) VALUES (79, N'GF', N'French Guiana', N'GUF', N'Cayenne', 910000, 195506, N'EUR', N'fr-GF')
INSERT INTO [dbo].[country] ([ID], [iso2], [country_name], [iso3], [capital], [area], [country_population], [currency], [languages]) VALUES (80, N'GG', N'Guernsey', N'GGY', N'St Peter Port', 780, 65228, N'GBP', N'en,nrf')
INSERT INTO [dbo].[country] ([ID], [iso2], [country_name], [iso3], [capital], [area], [country_population], [currency], [languages]) VALUES (81, N'GH', N'Ghana', N'GHA', N'Accra', 2394600, 24339838, N'GHS', N'en-GH,ak,ee,tw')
INSERT INTO [dbo].[country] ([ID], [iso2], [country_name], [iso3], [capital], [area], [country_population], [currency], [languages]) VALUES (82, N'GI', N'Gibraltar', N'GIB', N'Gibraltar', 65, 27884, N'GIP', N'en-GI,es,it,pt')
INSERT INTO [dbo].[country] ([ID], [iso2], [country_name], [iso3], [capital], [area], [country_population], [currency], [languages]) VALUES (83, N'GL', N'Greenland', N'GRL', N'Nuuk', 21660860, 56375, N'DKK', N'kl,da-GL,en')
INSERT INTO [dbo].[country] ([ID], [iso2], [country_name], [iso3], [capital], [area], [country_population], [currency], [languages]) VALUES (84, N'GM', N'Gambia', N'GMB', N'Bathurst', 113000, 1593256, N'GMD', N'en-GM,mnk,wof,wo,ff')
INSERT INTO [dbo].[country] ([ID], [iso2], [country_name], [iso3], [capital], [area], [country_population], [currency], [languages]) VALUES (85, N'GN', N'Guinea', N'GIN', N'Conakry', 2458570, 10324025, N'GNF', N'fr-GN')
INSERT INTO [dbo].[country] ([ID], [iso2], [country_name], [iso3], [capital], [area], [country_population], [currency], [languages]) VALUES (86, N'GP', N'Guadeloupe', N'GLP', N'Basse-Terre', 17800, 443000, N'EUR', N'fr-GP')
INSERT INTO [dbo].[country] ([ID], [iso2], [country_name], [iso3], [capital], [area], [country_population], [currency], [languages]) VALUES (87, N'GQ', N'Equatorial Guinea', N'GNQ', N'Malabo', 280510, 1014999, N'XAF', N'es-GQ,fr')
INSERT INTO [dbo].[country] ([ID], [iso2], [country_name], [iso3], [capital], [area], [country_population], [currency], [languages]) VALUES (88, N'GR', N'Greece', N'GRC', N'Athens', 1319400, 11000000, N'EUR', N'el-GR,en,fr')
INSERT INTO [dbo].[country] ([ID], [iso2], [country_name], [iso3], [capital], [area], [country_population], [currency], [languages]) VALUES (89, N'GS', N'South Georgia and the South Sandwich Islands', N'SGS', N'Grytviken', 39030, 30, N'GBP', N'en')
INSERT INTO [dbo].[country] ([ID], [iso2], [country_name], [iso3], [capital], [area], [country_population], [currency], [languages]) VALUES (90, N'GT', N'Guatemala', N'GTM', N'Guatemala City', 1088900, 13550440, N'GTQ', N'es-GT')
INSERT INTO [dbo].[country] ([ID], [iso2], [country_name], [iso3], [capital], [area], [country_population], [currency], [languages]) VALUES (91, N'GU', N'Guam', N'GUM', N'Hagåtña', 5490, 159358, N'USD', N'en-GU,ch-GU')
INSERT INTO [dbo].[country] ([ID], [iso2], [country_name], [iso3], [capital], [area], [country_population], [currency], [languages]) VALUES (92, N'GW', N'Guinea-Bissau', N'GNB', N'Bissau', 361200, 1565126, N'XOF', N'pt-GW,pov')
INSERT INTO [dbo].[country] ([ID], [iso2], [country_name], [iso3], [capital], [area], [country_population], [currency], [languages]) VALUES (93, N'GY', N'Guyana', N'GUY', N'Georgetown', 2149700, 748486, N'GYD', N'en-GY')
INSERT INTO [dbo].[country] ([ID], [iso2], [country_name], [iso3], [capital], [area], [country_population], [currency], [languages]) VALUES (94, N'HK', N'Hong Kong', N'HKG', N'Hong Kong', 10920, 6898686, N'HKD', N'zh-HK,yue,zh,en')
INSERT INTO [dbo].[country] ([ID], [iso2], [country_name], [iso3], [capital], [area], [country_population], [currency], [languages]) VALUES (95, N'HM', N'Heard Island and McDonald Islands', N'HMD', N'', 4120, 0, N'AUD', N'')
INSERT INTO [dbo].[country] ([ID], [iso2], [country_name], [iso3], [capital], [area], [country_population], [currency], [languages]) VALUES (96, N'HN', N'Honduras', N'HND', N'Tegucigalpa', 1120900, 7989415, N'HNL', N'es-HN,cab,miq')
INSERT INTO [dbo].[country] ([ID], [iso2], [country_name], [iso3], [capital], [area], [country_population], [currency], [languages]) VALUES (97, N'HR', N'Croatia', N'HRV', N'Zagreb', 565420, 4284889, N'HRK', N'hr-HR,sr')
INSERT INTO [dbo].[country] ([ID], [iso2], [country_name], [iso3], [capital], [area], [country_population], [currency], [languages]) VALUES (98, N'HT', N'Haiti', N'HTI', N'Port-au-Prince', 277500, 9648924, N'HTG', N'ht,fr-HT')
INSERT INTO [dbo].[country] ([ID], [iso2], [country_name], [iso3], [capital], [area], [country_population], [currency], [languages]) VALUES (99, N'HU', N'Hungary', N'HUN', N'Budapest', 930300, 9982000, N'HUF', N'hu-HU')
INSERT INTO [dbo].[country] ([ID], [iso2], [country_name], [iso3], [capital], [area], [country_population], [currency], [languages]) VALUES (100, N'ID', N'Indonesia', N'IDN', N'Jakarta', 19194400, 242968342, N'IDR', N'id,en,nl,jv')
INSERT INTO [dbo].[country] ([ID], [iso2], [country_name], [iso3], [capital], [area], [country_population], [currency], [languages]) VALUES (101, N'IE', N'Ireland', N'IRL', N'Dublin', 702800, 4622917, N'EUR', N'en-IE,ga-IE')
INSERT INTO [dbo].[country] ([ID], [iso2], [country_name], [iso3], [capital], [area], [country_population], [currency], [languages]) VALUES (102, N'IL', N'Israel', N'ISR', N'', 207700, 7353985, N'ILS', N'he,ar-IL,en-IL,')
INSERT INTO [dbo].[country] ([ID], [iso2], [country_name], [iso3], [capital], [area], [country_population], [currency], [languages]) VALUES (103, N'IM', N'Isle of Man', N'IMN', N'Douglas', 5720, 75049, N'GBP', N'en,gv')
INSERT INTO [dbo].[country] ([ID], [iso2], [country_name], [iso3], [capital], [area], [country_population], [currency], [languages]) VALUES (104, N'IN', N'India', N'IND', N'New Delhi', 32875900, 1173108018, N'INR', N'en-IN,hi,bn,te,mr,ta,ur,gu,kn,ml,or,pa,as,bh,sat,ks,ne,sd,kok,doi,mni,sit,sa,fr,lus,inc')
INSERT INTO [dbo].[country] ([ID], [iso2], [country_name], [iso3], [capital], [area], [country_population], [currency], [languages]) VALUES (105, N'IO', N'British Indian Ocean Territory', N'IOT', N'', 600, 4000, N'USD', N'en-IO')
INSERT INTO [dbo].[country] ([ID], [iso2], [country_name], [iso3], [capital], [area], [country_population], [currency], [languages]) VALUES (106, N'IQ', N'Iraq', N'IRQ', N'Baghdad', 4370720, 29671605, N'IQD', N'ar-IQ,ku,hy')
INSERT INTO [dbo].[country] ([ID], [iso2], [country_name], [iso3], [capital], [area], [country_population], [currency], [languages]) VALUES (107, N'IR', N'Iran', N'IRN', N'Tehran', 16480000, 76923300, N'IRR', N'fa-IR,ku')
INSERT INTO [dbo].[country] ([ID], [iso2], [country_name], [iso3], [capital], [area], [country_population], [currency], [languages]) VALUES (108, N'IS', N'Iceland', N'ISL', N'Reykjavik', 1030000, 308910, N'ISK', N'is,en,de,da,sv,no')
INSERT INTO [dbo].[country] ([ID], [iso2], [country_name], [iso3], [capital], [area], [country_population], [currency], [languages]) VALUES (109, N'IT', N'Italy', N'ITA', N'Rome', 3012300, 60340328, N'EUR', N'it-IT,de-IT,fr-IT,sc,ca,co,sl')
INSERT INTO [dbo].[country] ([ID], [iso2], [country_name], [iso3], [capital], [area], [country_population], [currency], [languages]) VALUES (110, N'JE', N'Jersey', N'JEY', N'Saint Helier', 1160, 90812, N'GBP', N'en,fr,nrf')
INSERT INTO [dbo].[country] ([ID], [iso2], [country_name], [iso3], [capital], [area], [country_population], [currency], [languages]) VALUES (111, N'JM', N'Jamaica', N'JAM', N'Kingston', 109910, 2847232, N'JMD', N'en-JM')
INSERT INTO [dbo].[country] ([ID], [iso2], [country_name], [iso3], [capital], [area], [country_population], [currency], [languages]) VALUES (112, N'JO', N'Jordan', N'JOR', N'Amman', 923000, 6407085, N'JOD', N'ar-JO,en')
INSERT INTO [dbo].[country] ([ID], [iso2], [country_name], [iso3], [capital], [area], [country_population], [currency], [languages]) VALUES (113, N'JP', N'Japan', N'JPN', N'Tokyo', 3778350, 127288000, N'JPY', N'ja')
INSERT INTO [dbo].[country] ([ID], [iso2], [country_name], [iso3], [capital], [area], [country_population], [currency], [languages]) VALUES (114, N'KE', N'Kenya', N'KEN', N'Nairobi', 5826500, 40046566, N'KES', N'en-KE,sw-KE')
INSERT INTO [dbo].[country] ([ID], [iso2], [country_name], [iso3], [capital], [area], [country_population], [currency], [languages]) VALUES (115, N'KG', N'Kyrgyzstan', N'KGZ', N'Bishkek', 1985000, 5776500, N'KGS', N'ky,uz,ru')
INSERT INTO [dbo].[country] ([ID], [iso2], [country_name], [iso3], [capital], [area], [country_population], [currency], [languages]) VALUES (116, N'KH', N'Cambodia', N'KHM', N'Phnom Penh', 1810400, 14453680, N'KHR', N'km,fr,en')
INSERT INTO [dbo].[country] ([ID], [iso2], [country_name], [iso3], [capital], [area], [country_population], [currency], [languages]) VALUES (117, N'KI', N'Kiribati', N'KIR', N'Tarawa', 8110, 92533, N'AUD', N'en-KI,gil')
INSERT INTO [dbo].[country] ([ID], [iso2], [country_name], [iso3], [capital], [area], [country_population], [currency], [languages]) VALUES (118, N'KM', N'Comoros', N'COM', N'Moroni', 21700, 773407, N'KMF', N'ar,fr-KM')
INSERT INTO [dbo].[country] ([ID], [iso2], [country_name], [iso3], [capital], [area], [country_population], [currency], [languages]) VALUES (119, N'KN', N'Saint Kitts and Nevis', N'KNA', N'Basseterre', 2610, 51134, N'XCD', N'en-KN')
INSERT INTO [dbo].[country] ([ID], [iso2], [country_name], [iso3], [capital], [area], [country_population], [currency], [languages]) VALUES (120, N'KP', N'North Korea', N'PRK', N'Pyongyang', 1205400, 22912177, N'KPW', N'ko-KP')
INSERT INTO [dbo].[country] ([ID], [iso2], [country_name], [iso3], [capital], [area], [country_population], [currency], [languages]) VALUES (121, N'KR', N'South Korea', N'KOR', N'Seoul', 984800, 48422644, N'KRW', N'ko-KR,en')
INSERT INTO [dbo].[country] ([ID], [iso2], [country_name], [iso3], [capital], [area], [country_population], [currency], [languages]) VALUES (122, N'KW', N'Kuwait', N'KWT', N'Kuwait City', 178200, 2789132, N'KWD', N'ar-KW,en')
INSERT INTO [dbo].[country] ([ID], [iso2], [country_name], [iso3], [capital], [area], [country_population], [currency], [languages]) VALUES (123, N'KY', N'Cayman Islands', N'CYM', N'George Town', 2620, 44270, N'KYD', N'en-KY')
INSERT INTO [dbo].[country] ([ID], [iso2], [country_name], [iso3], [capital], [area], [country_population], [currency], [languages]) VALUES (124, N'KZ', N'Kazakhstan', N'KAZ', N'Astana', 27173000, 15340000, N'KZT', N'kk,ru')
INSERT INTO [dbo].[country] ([ID], [iso2], [country_name], [iso3], [capital], [area], [country_population], [currency], [languages]) VALUES (125, N'LA', N'Laos', N'LAO', N'Vientiane', 2368000, 6368162, N'LAK', N'lo,fr,en')
INSERT INTO [dbo].[country] ([ID], [iso2], [country_name], [iso3], [capital], [area], [country_population], [currency], [languages]) VALUES (126, N'LB', N'Lebanon', N'LBN', N'Beirut', 104000, 4125247, N'LBP', N'ar-LB,fr-LB,en,hy')
INSERT INTO [dbo].[country] ([ID], [iso2], [country_name], [iso3], [capital], [area], [country_population], [currency], [languages]) VALUES (127, N'LC', N'Saint Lucia', N'LCA', N'Castries', 6160, 160922, N'XCD', N'en-LC')
INSERT INTO [dbo].[country] ([ID], [iso2], [country_name], [iso3], [capital], [area], [country_population], [currency], [languages]) VALUES (128, N'LI', N'Liechtenstein', N'LIE', N'Vaduz', 1600, 35000, N'CHF', N'de-LI')
INSERT INTO [dbo].[country] ([ID], [iso2], [country_name], [iso3], [capital], [area], [country_population], [currency], [languages]) VALUES (129, N'LK', N'Sri Lanka', N'LKA', N'Colombo', 656100, 21513990, N'LKR', N'si,ta,en')
INSERT INTO [dbo].[country] ([ID], [iso2], [country_name], [iso3], [capital], [area], [country_population], [currency], [languages]) VALUES (130, N'LR', N'Liberia', N'LBR', N'Monrovia', 1113700, 3685076, N'LRD', N'en-LR')
INSERT INTO [dbo].[country] ([ID], [iso2], [country_name], [iso3], [capital], [area], [country_population], [currency], [languages]) VALUES (131, N'LS', N'Lesotho', N'LSO', N'Maseru', 303550, 1919552, N'LSL', N'en-LS,st,zu,xh')
INSERT INTO [dbo].[country] ([ID], [iso2], [country_name], [iso3], [capital], [area], [country_population], [currency], [languages]) VALUES (132, N'LT', N'Lithuania', N'LTU', N'Vilnius', 652000, 2944459, N'EUR', N'lt,ru,pl')
INSERT INTO [dbo].[country] ([ID], [iso2], [country_name], [iso3], [capital], [area], [country_population], [currency], [languages]) VALUES (133, N'LU', N'Luxembourg', N'LUX', N'Luxembourg', 25860, 497538, N'EUR', N'lb,de-LU,fr-LU')
INSERT INTO [dbo].[country] ([ID], [iso2], [country_name], [iso3], [capital], [area], [country_population], [currency], [languages]) VALUES (134, N'LV', N'Latvia', N'LVA', N'Riga', 645890, 2217969, N'EUR', N'lv,ru,lt')
INSERT INTO [dbo].[country] ([ID], [iso2], [country_name], [iso3], [capital], [area], [country_population], [currency], [languages]) VALUES (135, N'LY', N'Libya', N'LBY', N'Tripoli', 17595400, 6461454, N'LYD', N'ar-LY,it,en')
INSERT INTO [dbo].[country] ([ID], [iso2], [country_name], [iso3], [capital], [area], [country_population], [currency], [languages]) VALUES (136, N'MA', N'Morocco', N'MAR', N'Rabat', 4465500, 33848242, N'MAD', N'ar-MA,ber,fr')
INSERT INTO [dbo].[country] ([ID], [iso2], [country_name], [iso3], [capital], [area], [country_population], [currency], [languages]) VALUES (137, N'MC', N'Monaco', N'MCO', N'Monaco', 195, 32965, N'EUR', N'fr-MC,en,it')
INSERT INTO [dbo].[country] ([ID], [iso2], [country_name], [iso3], [capital], [area], [country_population], [currency], [languages]) VALUES (138, N'MD', N'Moldova', N'MDA', N'Chisinau', 338430, 4324000, N'MDL', N'ro,ru,gag,tr')
INSERT INTO [dbo].[country] ([ID], [iso2], [country_name], [iso3], [capital], [area], [country_population], [currency], [languages]) VALUES (139, N'ME', N'Montenegro', N'MNE', N'Podgorica', 140260, 666730, N'EUR', N'sr,hu,bs,sq,hr,rom')
INSERT INTO [dbo].[country] ([ID], [iso2], [country_name], [iso3], [capital], [area], [country_population], [currency], [languages]) VALUES (140, N'MF', N'Saint Martin', N'MAF', N'Marigot', 530, 35925, N'EUR', N'fr')
INSERT INTO [dbo].[country] ([ID], [iso2], [country_name], [iso3], [capital], [area], [country_population], [currency], [languages]) VALUES (141, N'MG', N'Madagascar', N'MDG', N'Antananarivo', 5870400, 21281844, N'MGA', N'fr-MG,mg')
INSERT INTO [dbo].[country] ([ID], [iso2], [country_name], [iso3], [capital], [area], [country_population], [currency], [languages]) VALUES (142, N'MH', N'Marshall Islands', N'MHL', N'Majuro', 1813, 65859, N'USD', N'mh,en-MH')
INSERT INTO [dbo].[country] ([ID], [iso2], [country_name], [iso3], [capital], [area], [country_population], [currency], [languages]) VALUES (143, N'MK', N'Macedonia', N'MKD', N'Skopje', 253330, 2062294, N'MKD', N'mk,sq,tr,rmm,sr')
INSERT INTO [dbo].[country] ([ID], [iso2], [country_name], [iso3], [capital], [area], [country_population], [currency], [languages]) VALUES (144, N'ML', N'Mali', N'MLI', N'Bamako', 12400000, 13796354, N'XOF', N'fr-ML,bm')
INSERT INTO [dbo].[country] ([ID], [iso2], [country_name], [iso3], [capital], [area], [country_population], [currency], [languages]) VALUES (145, N'MM', N'Myanmar [Burma]', N'MMR', N'Naypyitaw', 6785000, 53414374, N'MMK', N'my')
INSERT INTO [dbo].[country] ([ID], [iso2], [country_name], [iso3], [capital], [area], [country_population], [currency], [languages]) VALUES (146, N'MN', N'Mongolia', N'MNG', N'Ulan Bator', 15650000, 3086918, N'MNT', N'mn,ru')
INSERT INTO [dbo].[country] ([ID], [iso2], [country_name], [iso3], [capital], [area], [country_population], [currency], [languages]) VALUES (147, N'MO', N'Macao', N'MAC', N'Macao', 2540, 449198, N'MOP', N'zh,zh-MO,pt')
INSERT INTO [dbo].[country] ([ID], [iso2], [country_name], [iso3], [capital], [area], [country_population], [currency], [languages]) VALUES (148, N'MP', N'Northern Mariana Islands', N'MNP', N'Saipan', 4770, 53883, N'USD', N'fil,tl,zh,ch-MP,en-MP')
INSERT INTO [dbo].[country] ([ID], [iso2], [country_name], [iso3], [capital], [area], [country_population], [currency], [languages]) VALUES (149, N'MQ', N'Martinique', N'MTQ', N'Fort-de-France', 11000, 432900, N'EUR', N'fr-MQ')
INSERT INTO [dbo].[country] ([ID], [iso2], [country_name], [iso3], [capital], [area], [country_population], [currency], [languages]) VALUES (150, N'MR', N'Mauritania', N'MRT', N'Nouakchott', 10307000, 3205060, N'MRO', N'ar-MR,fuc,snk,fr,mey,wo')
INSERT INTO [dbo].[country] ([ID], [iso2], [country_name], [iso3], [capital], [area], [country_population], [currency], [languages]) VALUES (151, N'MS', N'Montserrat', N'MSR', N'Plymouth', 1020, 9341, N'XCD', N'en-MS')
INSERT INTO [dbo].[country] ([ID], [iso2], [country_name], [iso3], [capital], [area], [country_population], [currency], [languages]) VALUES (152, N'MT', N'Malta', N'MLT', N'Valletta', 3160, 403000, N'EUR', N'mt,en-MT')
INSERT INTO [dbo].[country] ([ID], [iso2], [country_name], [iso3], [capital], [area], [country_population], [currency], [languages]) VALUES (153, N'MU', N'Mauritius', N'MUS', N'Port Louis', 20400, 1294104, N'MUR', N'en-MU,bho,fr')
INSERT INTO [dbo].[country] ([ID], [iso2], [country_name], [iso3], [capital], [area], [country_population], [currency], [languages]) VALUES (154, N'MV', N'Maldives', N'MDV', N'Malé', 3000, 395650, N'MVR', N'dv,en')
INSERT INTO [dbo].[country] ([ID], [iso2], [country_name], [iso3], [capital], [area], [country_population], [currency], [languages]) VALUES (155, N'MW', N'Malawi', N'MWI', N'Lilongwe', 1184800, 15447500, N'MWK', N'ny,yao,tum,swk')
INSERT INTO [dbo].[country] ([ID], [iso2], [country_name], [iso3], [capital], [area], [country_population], [currency], [languages]) VALUES (156, N'MX', N'Mexico', N'MEX', N'Mexico City', 19725500, 112468855, N'MXN', N'es-MX')
INSERT INTO [dbo].[country] ([ID], [iso2], [country_name], [iso3], [capital], [area], [country_population], [currency], [languages]) VALUES (157, N'MY', N'Malaysia', N'MYS', N'Kuala Lumpur', 3297500, 28274729, N'MYR', N'ms-MY,en,zh,ta,te,ml,pa,th')
INSERT INTO [dbo].[country] ([ID], [iso2], [country_name], [iso3], [capital], [area], [country_population], [currency], [languages]) VALUES (158, N'MZ', N'Mozambique', N'MOZ', N'Maputo', 8015900, 22061451, N'MZN', N'pt-MZ,vmw')
INSERT INTO [dbo].[country] ([ID], [iso2], [country_name], [iso3], [capital], [area], [country_population], [currency], [languages]) VALUES (159, N'NA', N'Namibia', N'NAM', N'Windhoek', 8254180, 2128471, N'NAD', N'en-NA,af,de,hz,naq')
INSERT INTO [dbo].[country] ([ID], [iso2], [country_name], [iso3], [capital], [area], [country_population], [currency], [languages]) VALUES (160, N'NC', N'New Caledonia', N'NCL', N'Noumea', 190600, 216494, N'XPF', N'fr-NC')
INSERT INTO [dbo].[country] ([ID], [iso2], [country_name], [iso3], [capital], [area], [country_population], [currency], [languages]) VALUES (161, N'NE', N'Niger', N'NER', N'Niamey', 12670000, 15878271, N'XOF', N'fr-NE,ha,kr,dje')
INSERT INTO [dbo].[country] ([ID], [iso2], [country_name], [iso3], [capital], [area], [country_population], [currency], [languages]) VALUES (162, N'NF', N'Norfolk Island', N'NFK', N'Kingston', 346, 1828, N'AUD', N'en-NF')
INSERT INTO [dbo].[country] ([ID], [iso2], [country_name], [iso3], [capital], [area], [country_population], [currency], [languages]) VALUES (163, N'NG', N'Nigeria', N'NGA', N'Abuja', 9237680, 154000000, N'NGN', N'en-NG,ha,yo,ig,ff')
INSERT INTO [dbo].[country] ([ID], [iso2], [country_name], [iso3], [capital], [area], [country_population], [currency], [languages]) VALUES (164, N'NI', N'Nicaragua', N'NIC', N'Managua', 1294940, 5995928, N'NIO', N'es-NI,en')
INSERT INTO [dbo].[country] ([ID], [iso2], [country_name], [iso3], [capital], [area], [country_population], [currency], [languages]) VALUES (165, N'NL', N'Netherlands', N'NLD', N'Amsterdam', 415260, 16645000, N'EUR', N'nl-NL,fy-NL')
INSERT INTO [dbo].[country] ([ID], [iso2], [country_name], [iso3], [capital], [area], [country_population], [currency], [languages]) VALUES (166, N'NO', N'Norway', N'NOR', N'Oslo', 3242200, 5009150, N'NOK', N'no,nb,nn,se,fi')
INSERT INTO [dbo].[country] ([ID], [iso2], [country_name], [iso3], [capital], [area], [country_population], [currency], [languages]) VALUES (167, N'NP', N'Nepal', N'NPL', N'Kathmandu', 1408000, 28951852, N'NPR', N'ne,en')
INSERT INTO [dbo].[country] ([ID], [iso2], [country_name], [iso3], [capital], [area], [country_population], [currency], [languages]) VALUES (168, N'NR', N'Nauru', N'NRU', N'Yaren', 210, 10065, N'AUD', N'na,en-NR')
INSERT INTO [dbo].[country] ([ID], [iso2], [country_name], [iso3], [capital], [area], [country_population], [currency], [languages]) VALUES (169, N'NU', N'Niue', N'NIU', N'Alofi', 2600, 2166, N'NZD', N'niu,en-NU')
INSERT INTO [dbo].[country] ([ID], [iso2], [country_name], [iso3], [capital], [area], [country_population], [currency], [languages]) VALUES (170, N'NZ', N'New Zealand', N'NZL', N'Wellington', 2686800, 4252277, N'NZD', N'en-NZ,mi')
INSERT INTO [dbo].[country] ([ID], [iso2], [country_name], [iso3], [capital], [area], [country_population], [currency], [languages]) VALUES (171, N'OM', N'Oman', N'OMN', N'Muscat', 2124600, 2967717, N'OMR', N'ar-OM,en,bal,ur')
INSERT INTO [dbo].[country] ([ID], [iso2], [country_name], [iso3], [capital], [area], [country_population], [currency], [languages]) VALUES (172, N'PA', N'Panama', N'PAN', N'Panama City', 782000, 3410676, N'PAB', N'es-PA,en')
INSERT INTO [dbo].[country] ([ID], [iso2], [country_name], [iso3], [capital], [area], [country_population], [currency], [languages]) VALUES (173, N'PE', N'Peru', N'PER', N'Lima', 12852200, 29907003, N'PEN', N'es-PE,qu,ay')
INSERT INTO [dbo].[country] ([ID], [iso2], [country_name], [iso3], [capital], [area], [country_population], [currency], [languages]) VALUES (174, N'PF', N'French Polynesia', N'PYF', N'Papeete', 41670, 270485, N'XPF', N'fr-PF,ty')
INSERT INTO [dbo].[country] ([ID], [iso2], [country_name], [iso3], [capital], [area], [country_population], [currency], [languages]) VALUES (175, N'PG', N'Papua New Guinea', N'PNG', N'Port Moresby', 4628400, 6064515, N'PGK', N'en-PG,ho,meu,tpi')
INSERT INTO [dbo].[country] ([ID], [iso2], [country_name], [iso3], [capital], [area], [country_population], [currency], [languages]) VALUES (176, N'PH', N'Philippines', N'PHL', N'Manila', 3000000, 99900177, N'PHP', N'tl,en-PH,fil,ceb,tgl,ilo,hil,war,pam,bik,bcl,pag,mrw,tsg,mdh,cbk,krj,sgd,msb,akl,ibg,yka,mta,abx')
INSERT INTO [dbo].[country] ([ID], [iso2], [country_name], [iso3], [capital], [area], [country_population], [currency], [languages]) VALUES (177, N'PK', N'Pakistan', N'PAK', N'Islamabad', 8039400, 184404791, N'PKR', N'ur-PK,en-PK,pa,sd,ps,brh')
INSERT INTO [dbo].[country] ([ID], [iso2], [country_name], [iso3], [capital], [area], [country_population], [currency], [languages]) VALUES (178, N'PL', N'Poland', N'POL', N'Warsaw', 3126850, 38500000, N'PLN', N'pl')
INSERT INTO [dbo].[country] ([ID], [iso2], [country_name], [iso3], [capital], [area], [country_population], [currency], [languages]) VALUES (179, N'PM', N'Saint Pierre and Miquelon', N'SPM', N'Saint-Pierre', 2420, 7012, N'EUR', N'fr-PM')
INSERT INTO [dbo].[country] ([ID], [iso2], [country_name], [iso3], [capital], [area], [country_population], [currency], [languages]) VALUES (180, N'PN', N'Pitcairn Islands', N'PCN', N'Adamstown', 470, 46, N'NZD', N'en-PN')
INSERT INTO [dbo].[country] ([ID], [iso2], [country_name], [iso3], [capital], [area], [country_population], [currency], [languages]) VALUES (181, N'PR', N'Puerto Rico', N'PRI', N'San Juan', 91040, 3916632, N'USD', N'en-PR,es-PR')
INSERT INTO [dbo].[country] ([ID], [iso2], [country_name], [iso3], [capital], [area], [country_population], [currency], [languages]) VALUES (182, N'PS', N'Palestine', N'PSE', N'', 59700, 3800000, N'ILS', N'ar-PS')
INSERT INTO [dbo].[country] ([ID], [iso2], [country_name], [iso3], [capital], [area], [country_population], [currency], [languages]) VALUES (183, N'PT', N'Portugal', N'PRT', N'Lisbon', 923910, 10676000, N'EUR', N'pt-PT,mwl')
INSERT INTO [dbo].[country] ([ID], [iso2], [country_name], [iso3], [capital], [area], [country_population], [currency], [languages]) VALUES (184, N'PW', N'Palau', N'PLW', N'Melekeok', 4580, 19907, N'USD', N'pau,sov,en-PW,tox,ja,fil,zh')
INSERT INTO [dbo].[country] ([ID], [iso2], [country_name], [iso3], [capital], [area], [country_population], [currency], [languages]) VALUES (185, N'PY', N'Paraguay', N'PRY', N'Asunción', 4067500, 6375830, N'PYG', N'es-PY,gn')
INSERT INTO [dbo].[country] ([ID], [iso2], [country_name], [iso3], [capital], [area], [country_population], [currency], [languages]) VALUES (186, N'QA', N'Qatar', N'QAT', N'Doha', 114370, 840926, N'QAR', N'ar-QA,es')
INSERT INTO [dbo].[country] ([ID], [iso2], [country_name], [iso3], [capital], [area], [country_population], [currency], [languages]) VALUES (187, N'RE', N'Réunion', N'REU', N'Saint-Denis', 25170, 776948, N'EUR', N'fr-RE')
INSERT INTO [dbo].[country] ([ID], [iso2], [country_name], [iso3], [capital], [area], [country_population], [currency], [languages]) VALUES (188, N'RO', N'Romania', N'ROU', N'Bucharest', 2375000, 21959278, N'RON', N'ro,hu,rom')
INSERT INTO [dbo].[country] ([ID], [iso2], [country_name], [iso3], [capital], [area], [country_population], [currency], [languages]) VALUES (189, N'RS', N'Serbia', N'SRB', N'Belgrade', 883610, 7344847, N'RSD', N'sr,hu,bs,rom')
INSERT INTO [dbo].[country] ([ID], [iso2], [country_name], [iso3], [capital], [area], [country_population], [currency], [languages]) VALUES (190, N'RU', N'Russia', N'RUS', N'Moscow', 1710000000, 140702000, N'RUB', N'ru,tt,xal,cau,ady,kv,ce,tyv,cv,udm,tut,mns,bua,myv,mdf,chm,ba,inh,tut,kbd,krc,av,sah,nog')
INSERT INTO [dbo].[country] ([ID], [iso2], [country_name], [iso3], [capital], [area], [country_population], [currency], [languages]) VALUES (191, N'RW', N'Rwanda', N'RWA', N'Kigali', 263380, 11055976, N'RWF', N'rw,en-RW,fr-RW,sw')
INSERT INTO [dbo].[country] ([ID], [iso2], [country_name], [iso3], [capital], [area], [country_population], [currency], [languages]) VALUES (192, N'SA', N'Saudi Arabia', N'SAU', N'Riyadh', 19605820, 25731776, N'SAR', N'ar-SA')
INSERT INTO [dbo].[country] ([ID], [iso2], [country_name], [iso3], [capital], [area], [country_population], [currency], [languages]) VALUES (193, N'SB', N'Solomon Islands', N'SLB', N'Honiara', 284500, 559198, N'SBD', N'en-SB,tpi')
INSERT INTO [dbo].[country] ([ID], [iso2], [country_name], [iso3], [capital], [area], [country_population], [currency], [languages]) VALUES (194, N'SC', N'Seychelles', N'SYC', N'Victoria', 4550, 88340, N'SCR', N'en-SC,fr-SC')
INSERT INTO [dbo].[country] ([ID], [iso2], [country_name], [iso3], [capital], [area], [country_population], [currency], [languages]) VALUES (195, N'SD', N'Sudan', N'SDN', N'Khartoum', 18614840, 35000000, N'SDG', N'ar-SD,en,fia')
INSERT INTO [dbo].[country] ([ID], [iso2], [country_name], [iso3], [capital], [area], [country_population], [currency], [languages]) VALUES (196, N'SE', N'Sweden', N'SWE', N'Stockholm', 4499640, 9828655, N'SEK', N'sv-SE,se,sma,fi-SE')
INSERT INTO [dbo].[country] ([ID], [iso2], [country_name], [iso3], [capital], [area], [country_population], [currency], [languages]) VALUES (197, N'SG', N'Singapore', N'SGP', N'Singapore', 6927, 4701069, N'SGD', N'cmn,en-SG,ms-SG,ta-SG,zh-SG')
INSERT INTO [dbo].[country] ([ID], [iso2], [country_name], [iso3], [capital], [area], [country_population], [currency], [languages]) VALUES (198, N'SH', N'Saint Helena', N'SHN', N'Jamestown', 4100, 7460, N'SHP', N'en-SH')
INSERT INTO [dbo].[country] ([ID], [iso2], [country_name], [iso3], [capital], [area], [country_population], [currency], [languages]) VALUES (199, N'SI', N'Slovenia', N'SVN', N'Ljubljana', 202730, 2007000, N'EUR', N'sl,sh')
INSERT INTO [dbo].[country] ([ID], [iso2], [country_name], [iso3], [capital], [area], [country_population], [currency], [languages]) VALUES (200, N'SJ', N'Svalbard and Jan Mayen', N'SJM', N'Longyearbyen', 620490, 2550, N'NOK', N'no,ru')
INSERT INTO [dbo].[country] ([ID], [iso2], [country_name], [iso3], [capital], [area], [country_population], [currency], [languages]) VALUES (201, N'SK', N'Slovakia', N'SVK', N'Bratislava', 488450, 5455000, N'EUR', N'sk,hu')
INSERT INTO [dbo].[country] ([ID], [iso2], [country_name], [iso3], [capital], [area], [country_population], [currency], [languages]) VALUES (202, N'SL', N'Sierra Leone', N'SLE', N'Freetown', 717400, 5245695, N'SLL', N'en-SL,men,tem')
INSERT INTO [dbo].[country] ([ID], [iso2], [country_name], [iso3], [capital], [area], [country_population], [currency], [languages]) VALUES (203, N'SM', N'San Marino', N'SMR', N'San Marino', 612, 31477, N'EUR', N'it-SM')
INSERT INTO [dbo].[country] ([ID], [iso2], [country_name], [iso3], [capital], [area], [country_population], [currency], [languages]) VALUES (204, N'SN', N'Senegal', N'SEN', N'Dakar', 1961900, 12323252, N'XOF', N'fr-SN,wo,fuc,mnk')
INSERT INTO [dbo].[country] ([ID], [iso2], [country_name], [iso3], [capital], [area], [country_population], [currency], [languages]) VALUES (205, N'SO', N'Somalia', N'SOM', N'Mogadishu', 6376570, 10112453, N'SOS', N'so-SO,ar-SO,it,en-SO')
INSERT INTO [dbo].[country] ([ID], [iso2], [country_name], [iso3], [capital], [area], [country_population], [currency], [languages]) VALUES (206, N'SR', N'Suriname', N'SUR', N'Paramaribo', 1632700, 492829, N'SRD', N'nl-SR,en,srn,hns,jv')
INSERT INTO [dbo].[country] ([ID], [iso2], [country_name], [iso3], [capital], [area], [country_population], [currency], [languages]) VALUES (207, N'SS', N'South Sudan', N'SSD', N'Juba', 6443290, 8260490, N'SSP', N'en')
INSERT INTO [dbo].[country] ([ID], [iso2], [country_name], [iso3], [capital], [area], [country_population], [currency], [languages]) VALUES (208, N'ST', N'São Tomé and Príncipe', N'STP', N'São Tomé', 10010, 197700, N'STD', N'pt-ST')
INSERT INTO [dbo].[country] ([ID], [iso2], [country_name], [iso3], [capital], [area], [country_population], [currency], [languages]) VALUES (209, N'SV', N'El Salvador', N'SLV', N'San Salvador', 210400, 6052064, N'USD', N'es-SV')
INSERT INTO [dbo].[country] ([ID], [iso2], [country_name], [iso3], [capital], [area], [country_population], [currency], [languages]) VALUES (210, N'SX', N'Sint Maarten', N'SXM', N'Philipsburg', 210, 37429, N'ANG', N'nl,en')
INSERT INTO [dbo].[country] ([ID], [iso2], [country_name], [iso3], [capital], [area], [country_population], [currency], [languages]) VALUES (211, N'SY', N'Syria', N'SYR', N'Damascus', 1851800, 22198110, N'SYP', N'ar-SY,ku,hy,arc,fr,en')
INSERT INTO [dbo].[country] ([ID], [iso2], [country_name], [iso3], [capital], [area], [country_population], [currency], [languages]) VALUES (212, N'SZ', N'Swaziland', N'SWZ', N'Mbabane', 173630, 1354051, N'SZL', N'en-SZ,ss-SZ')
INSERT INTO [dbo].[country] ([ID], [iso2], [country_name], [iso3], [capital], [area], [country_population], [currency], [languages]) VALUES (213, N'TC', N'Turks and Caicos Islands', N'TCA', N'Cockburn Town', 4300, 20556, N'USD', N'en-TC')
INSERT INTO [dbo].[country] ([ID], [iso2], [country_name], [iso3], [capital], [area], [country_population], [currency], [languages]) VALUES (214, N'TD', N'Chad', N'TCD', N'NDjamena', 12840000, 10543464, N'XAF', N'fr-TD,ar-TD,sre')
INSERT INTO [dbo].[country] ([ID], [iso2], [country_name], [iso3], [capital], [area], [country_population], [currency], [languages]) VALUES (215, N'TF', N'French Southern Territories', N'ATF', N'Port-aux-Français', 78290, 140, N'EUR', N'fr')
INSERT INTO [dbo].[country] ([ID], [iso2], [country_name], [iso3], [capital], [area], [country_population], [currency], [languages]) VALUES (216, N'TG', N'Togo', N'TGO', N'Lomé', 567850, 6587239, N'XOF', N'fr-TG,ee,hna,kbp,dag,ha')
INSERT INTO [dbo].[country] ([ID], [iso2], [country_name], [iso3], [capital], [area], [country_population], [currency], [languages]) VALUES (217, N'TH', N'Thailand', N'THA', N'Bangkok', 5140000, 67089500, N'THB', N'th,en')
INSERT INTO [dbo].[country] ([ID], [iso2], [country_name], [iso3], [capital], [area], [country_population], [currency], [languages]) VALUES (218, N'TJ', N'Tajikistan', N'TJK', N'Dushanbe', 1431000, 7487489, N'TJS', N'tg,ru')
INSERT INTO [dbo].[country] ([ID], [iso2], [country_name], [iso3], [capital], [area], [country_population], [currency], [languages]) VALUES (219, N'TK', N'Tokelau', N'TKL', N'', 100, 1466, N'NZD', N'tkl,en-TK')
INSERT INTO [dbo].[country] ([ID], [iso2], [country_name], [iso3], [capital], [area], [country_population], [currency], [languages]) VALUES (220, N'TL', N'East Timor', N'TLS', N'Dili', 150070, 1154625, N'USD', N'tet,pt-TL,id,en')
INSERT INTO [dbo].[country] ([ID], [iso2], [country_name], [iso3], [capital], [area], [country_population], [currency], [languages]) VALUES (221, N'TM', N'Turkmenistan', N'TKM', N'Ashgabat', 4881000, 4940916, N'TMT', N'tk,ru,uz')
INSERT INTO [dbo].[country] ([ID], [iso2], [country_name], [iso3], [capital], [area], [country_population], [currency], [languages]) VALUES (222, N'TN', N'Tunisia', N'TUN', N'Tunis', 1636100, 10589025, N'TND', N'ar-TN,fr')
INSERT INTO [dbo].[country] ([ID], [iso2], [country_name], [iso3], [capital], [area], [country_population], [currency], [languages]) VALUES (223, N'TO', N'Tonga', N'TON', N'Nukualofa', 7480, 122580, N'TOP', N'to,en-TO')
INSERT INTO [dbo].[country] ([ID], [iso2], [country_name], [iso3], [capital], [area], [country_population], [currency], [languages]) VALUES (224, N'TR', N'Turkey', N'TUR', N'Ankara', 7805800, 77804122, N'TRY', N'tr-TR,ku,diq,az,av')
INSERT INTO [dbo].[country] ([ID], [iso2], [country_name], [iso3], [capital], [area], [country_population], [currency], [languages]) VALUES (225, N'TT', N'Trinidad and Tobago', N'TTO', N'Port of Spain', 51280, 1328019, N'TTD', N'en-TT,hns,fr,es,zh')
INSERT INTO [dbo].[country] ([ID], [iso2], [country_name], [iso3], [capital], [area], [country_population], [currency], [languages]) VALUES (226, N'TV', N'Tuvalu', N'TUV', N'Funafuti', 260, 10472, N'AUD', N'tvl,en,sm,gil')
INSERT INTO [dbo].[country] ([ID], [iso2], [country_name], [iso3], [capital], [area], [country_population], [currency], [languages]) VALUES (227, N'TW', N'Taiwan', N'TWN', N'Taipei', 359800, 22894384, N'TWD', N'zh-TW,zh,nan,hak')
INSERT INTO [dbo].[country] ([ID], [iso2], [country_name], [iso3], [capital], [area], [country_population], [currency], [languages]) VALUES (228, N'TZ', N'Tanzania', N'TZA', N'Dodoma', 9450870, 41892895, N'TZS', N'sw-TZ,en,ar')
INSERT INTO [dbo].[country] ([ID], [iso2], [country_name], [iso3], [capital], [area], [country_population], [currency], [languages]) VALUES (229, N'UA', N'Ukraine', N'UKR', N'Kiev', 6037000, 45415596, N'UAH', N'uk,ru-UA,rom,pl,hu')
INSERT INTO [dbo].[country] ([ID], [iso2], [country_name], [iso3], [capital], [area], [country_population], [currency], [languages]) VALUES (230, N'UG', N'Uganda', N'UGA', N'Kampala', 2360400, 33398682, N'UGX', N'en-UG,lg,sw,ar')
INSERT INTO [dbo].[country] ([ID], [iso2], [country_name], [iso3], [capital], [area], [country_population], [currency], [languages]) VALUES (231, N'UM', N'U.S. Minor Outlying Islands', N'UMI', N'', 0, 0, N'USD', N'en-UM')
INSERT INTO [dbo].[country] ([ID], [iso2], [country_name], [iso3], [capital], [area], [country_population], [currency], [languages]) VALUES (232, N'US', N'United States', N'USA', N'Washington', 96290910, 310232863, N'USD', N'en-US,es-US,haw,fr')
INSERT INTO [dbo].[country] ([ID], [iso2], [country_name], [iso3], [capital], [area], [country_population], [currency], [languages]) VALUES (233, N'UY', N'Uruguay', N'URY', N'Montevideo', 1762200, 3477000, N'UYU', N'es-UY')
INSERT INTO [dbo].[country] ([ID], [iso2], [country_name], [iso3], [capital], [area], [country_population], [currency], [languages]) VALUES (234, N'UZ', N'Uzbekistan', N'UZB', N'Tashkent', 4474000, 27865738, N'UZS', N'uz,ru,tg')
INSERT INTO [dbo].[country] ([ID], [iso2], [country_name], [iso3], [capital], [area], [country_population], [currency], [languages]) VALUES (235, N'VA', N'Vatican City', N'VAT', N'Vatican City', 44, 921, N'EUR', N'la,it,fr')
INSERT INTO [dbo].[country] ([ID], [iso2], [country_name], [iso3], [capital], [area], [country_population], [currency], [languages]) VALUES (236, N'VC', N'Saint Vincent and the Grenadines', N'VCT', N'Kingstown', 3890, 104217, N'XCD', N'en-VC,fr')
INSERT INTO [dbo].[country] ([ID], [iso2], [country_name], [iso3], [capital], [area], [country_population], [currency], [languages]) VALUES (237, N'VE', N'Venezuela', N'VEN', N'Caracas', 9120500, 27223228, N'VES', N'es-VE')
INSERT INTO [dbo].[country] ([ID], [iso2], [country_name], [iso3], [capital], [area], [country_population], [currency], [languages]) VALUES (238, N'VG', N'British Virgin Islands', N'VGB', N'Road Town', 1530, 21730, N'USD', N'en-VG')
INSERT INTO [dbo].[country] ([ID], [iso2], [country_name], [iso3], [capital], [area], [country_population], [currency], [languages]) VALUES (239, N'VI', N'U.S. Virgin Islands', N'VIR', N'Charlotte Amalie', 3520, 108708, N'USD', N'en-VI')
INSERT INTO [dbo].[country] ([ID], [iso2], [country_name], [iso3], [capital], [area], [country_population], [currency], [languages]) VALUES (240, N'VN', N'Vietnam', N'VNM', N'Hanoi', 3295600, 89571130, N'VND', N'vi,en,fr,zh,km')
INSERT INTO [dbo].[country] ([ID], [iso2], [country_name], [iso3], [capital], [area], [country_population], [currency], [languages]) VALUES (241, N'VU', N'Vanuatu', N'VUT', N'Port Vila', 122000, 221552, N'VUV', N'bi,en-VU,fr-VU')
INSERT INTO [dbo].[country] ([ID], [iso2], [country_name], [iso3], [capital], [area], [country_population], [currency], [languages]) VALUES (242, N'WF', N'Wallis and Futuna', N'WLF', N'Mata-Utu', 2740, 16025, N'XPF', N'wls,fud,fr-WF')
INSERT INTO [dbo].[country] ([ID], [iso2], [country_name], [iso3], [capital], [area], [country_population], [currency], [languages]) VALUES (243, N'WS', N'Samoa', N'WSM', N'Apia', 29440, 192001, N'WST', N'sm,en-WS')
INSERT INTO [dbo].[country] ([ID], [iso2], [country_name], [iso3], [capital], [area], [country_population], [currency], [languages]) VALUES (245, N'YE', N'Yemen', N'YEM', N'Sanaa', 5279700, 23495361, N'YER', N'ar-YE')
INSERT INTO [dbo].[country] ([ID], [iso2], [country_name], [iso3], [capital], [area], [country_population], [currency], [languages]) VALUES (246, N'YT', N'Mayotte', N'MYT', N'Mamoudzou', 3740, 159042, N'EUR', N'fr-YT')
INSERT INTO [dbo].[country] ([ID], [iso2], [country_name], [iso3], [capital], [area], [country_population], [currency], [languages]) VALUES (247, N'ZA', N'South Africa', N'ZAF', N'Pretoria', 12199120, 49000000, N'ZAR', N'zu,xh,af,nso,en-ZA,tn,st,ts,ss,ve,nr')
INSERT INTO [dbo].[country] ([ID], [iso2], [country_name], [iso3], [capital], [area], [country_population], [currency], [languages]) VALUES (248, N'ZM', N'Zambia', N'ZMB', N'Lusaka', 7526140, 13460305, N'ZMW', N'en-ZM,bem,loz,lun,lue,ny,toi')
INSERT INTO [dbo].[country] ([ID], [iso2], [country_name], [iso3], [capital], [area], [country_population], [currency], [languages]) VALUES (249, N'ZW', N'Zimbabwe', N'ZWE', N'Harare', 3905800, 13061000, N'ZWL', N'en-ZW,sn,nr,nd')
SET IDENTITY_INSERT [dbo].[country] OFF

INSERT INTO [dbo].[continent] ([ID], [continent_name]) VALUES (N'AF', N'Africa')
INSERT INTO [dbo].[continent] ([ID], [continent_name]) VALUES (N'AN', N'Antarctica')
INSERT INTO [dbo].[continent] ([ID], [continent_name]) VALUES (N'AS', N'Asia')
INSERT INTO [dbo].[continent] ([ID], [continent_name]) VALUES (N'EU', N'Europe')
INSERT INTO [dbo].[continent] ([ID], [continent_name]) VALUES (N'NA', N'North America')
INSERT INTO [dbo].[continent] ([ID], [continent_name]) VALUES (N'OC', N'Oceania')
INSERT INTO [dbo].[continent] ([ID], [continent_name]) VALUES (N'PA', N'Pangea')
INSERT INTO [dbo].[continent] ([ID], [continent_name]) VALUES (N'SA', N'South America')

INSERT INTO [dbo].[country_continent_link] ([country_ID], [continent_ID]) VALUES (8, N'AF')
INSERT INTO [dbo].[country_continent_link] ([country_ID], [continent_ID]) VALUES (20, N'AF')
INSERT INTO [dbo].[country_continent_link] ([country_ID], [continent_ID]) VALUES (23, N'AF')
INSERT INTO [dbo].[country_continent_link] ([country_ID], [continent_ID]) VALUES (24, N'AF')
INSERT INTO [dbo].[country_continent_link] ([country_ID], [continent_ID]) VALUES (34, N'AF')
INSERT INTO [dbo].[country_continent_link] ([country_ID], [continent_ID]) VALUES (39, N'AF')
INSERT INTO [dbo].[country_continent_link] ([country_ID], [continent_ID]) VALUES (40, N'AF')
INSERT INTO [dbo].[country_continent_link] ([country_ID], [continent_ID]) VALUES (41, N'AF')
INSERT INTO [dbo].[country_continent_link] ([country_ID], [continent_ID]) VALUES (43, N'AF')
INSERT INTO [dbo].[country_continent_link] ([country_ID], [continent_ID]) VALUES (46, N'AF')
INSERT INTO [dbo].[country_continent_link] ([country_ID], [continent_ID]) VALUES (51, N'AF')
INSERT INTO [dbo].[country_continent_link] ([country_ID], [continent_ID]) VALUES (57, N'AF')
INSERT INTO [dbo].[country_continent_link] ([country_ID], [continent_ID]) VALUES (61, N'AF')
INSERT INTO [dbo].[country_continent_link] ([country_ID], [continent_ID]) VALUES (64, N'AF')
INSERT INTO [dbo].[country_continent_link] ([country_ID], [continent_ID]) VALUES (65, N'AF')
INSERT INTO [dbo].[country_continent_link] ([country_ID], [continent_ID]) VALUES (66, N'AF')
INSERT INTO [dbo].[country_continent_link] ([country_ID], [continent_ID]) VALUES (68, N'AF')
INSERT INTO [dbo].[country_continent_link] ([country_ID], [continent_ID]) VALUES (75, N'AF')
INSERT INTO [dbo].[country_continent_link] ([country_ID], [continent_ID]) VALUES (81, N'AF')
INSERT INTO [dbo].[country_continent_link] ([country_ID], [continent_ID]) VALUES (84, N'AF')
INSERT INTO [dbo].[country_continent_link] ([country_ID], [continent_ID]) VALUES (85, N'AF')
INSERT INTO [dbo].[country_continent_link] ([country_ID], [continent_ID]) VALUES (87, N'AF')
INSERT INTO [dbo].[country_continent_link] ([country_ID], [continent_ID]) VALUES (92, N'AF')
INSERT INTO [dbo].[country_continent_link] ([country_ID], [continent_ID]) VALUES (114, N'AF')
INSERT INTO [dbo].[country_continent_link] ([country_ID], [continent_ID]) VALUES (118, N'AF')
INSERT INTO [dbo].[country_continent_link] ([country_ID], [continent_ID]) VALUES (130, N'AF')
INSERT INTO [dbo].[country_continent_link] ([country_ID], [continent_ID]) VALUES (131, N'AF')
INSERT INTO [dbo].[country_continent_link] ([country_ID], [continent_ID]) VALUES (135, N'AF')
INSERT INTO [dbo].[country_continent_link] ([country_ID], [continent_ID]) VALUES (136, N'AF')
INSERT INTO [dbo].[country_continent_link] ([country_ID], [continent_ID]) VALUES (141, N'AF')
INSERT INTO [dbo].[country_continent_link] ([country_ID], [continent_ID]) VALUES (144, N'AF')
INSERT INTO [dbo].[country_continent_link] ([country_ID], [continent_ID]) VALUES (150, N'AF')
INSERT INTO [dbo].[country_continent_link] ([country_ID], [continent_ID]) VALUES (153, N'AF')
INSERT INTO [dbo].[country_continent_link] ([country_ID], [continent_ID]) VALUES (155, N'AF')
INSERT INTO [dbo].[country_continent_link] ([country_ID], [continent_ID]) VALUES (158, N'AF')
INSERT INTO [dbo].[country_continent_link] ([country_ID], [continent_ID]) VALUES (159, N'AF')
INSERT INTO [dbo].[country_continent_link] ([country_ID], [continent_ID]) VALUES (161, N'AF')
INSERT INTO [dbo].[country_continent_link] ([country_ID], [continent_ID]) VALUES (163, N'AF')
INSERT INTO [dbo].[country_continent_link] ([country_ID], [continent_ID]) VALUES (187, N'AF')
INSERT INTO [dbo].[country_continent_link] ([country_ID], [continent_ID]) VALUES (191, N'AF')
INSERT INTO [dbo].[country_continent_link] ([country_ID], [continent_ID]) VALUES (194, N'AF')
INSERT INTO [dbo].[country_continent_link] ([country_ID], [continent_ID]) VALUES (195, N'AF')
INSERT INTO [dbo].[country_continent_link] ([country_ID], [continent_ID]) VALUES (198, N'AF')
INSERT INTO [dbo].[country_continent_link] ([country_ID], [continent_ID]) VALUES (202, N'AF')
INSERT INTO [dbo].[country_continent_link] ([country_ID], [continent_ID]) VALUES (204, N'AF')
INSERT INTO [dbo].[country_continent_link] ([country_ID], [continent_ID]) VALUES (205, N'AF')
INSERT INTO [dbo].[country_continent_link] ([country_ID], [continent_ID]) VALUES (207, N'AF')
INSERT INTO [dbo].[country_continent_link] ([country_ID], [continent_ID]) VALUES (208, N'AF')
INSERT INTO [dbo].[country_continent_link] ([country_ID], [continent_ID]) VALUES (212, N'AF')
INSERT INTO [dbo].[country_continent_link] ([country_ID], [continent_ID]) VALUES (214, N'AF')
INSERT INTO [dbo].[country_continent_link] ([country_ID], [continent_ID]) VALUES (216, N'AF')
INSERT INTO [dbo].[country_continent_link] ([country_ID], [continent_ID]) VALUES (222, N'AF')
INSERT INTO [dbo].[country_continent_link] ([country_ID], [continent_ID]) VALUES (228, N'AF')
INSERT INTO [dbo].[country_continent_link] ([country_ID], [continent_ID]) VALUES (230, N'AF')
INSERT INTO [dbo].[country_continent_link] ([country_ID], [continent_ID]) VALUES (246, N'AF')
INSERT INTO [dbo].[country_continent_link] ([country_ID], [continent_ID]) VALUES (247, N'AF')
INSERT INTO [dbo].[country_continent_link] ([country_ID], [continent_ID]) VALUES (248, N'AF')
INSERT INTO [dbo].[country_continent_link] ([country_ID], [continent_ID]) VALUES (249, N'AF')
INSERT INTO [dbo].[country_continent_link] ([country_ID], [continent_ID]) VALUES (33, N'AN')
INSERT INTO [dbo].[country_continent_link] ([country_ID], [continent_ID]) VALUES (89, N'AN')
INSERT INTO [dbo].[country_continent_link] ([country_ID], [continent_ID]) VALUES (95, N'AN')
INSERT INTO [dbo].[country_continent_link] ([country_ID], [continent_ID]) VALUES (215, N'AN')
INSERT INTO [dbo].[country_continent_link] ([country_ID], [continent_ID]) VALUES (2, N'AS')
INSERT INTO [dbo].[country_continent_link] ([country_ID], [continent_ID]) VALUES (3, N'AS')
INSERT INTO [dbo].[country_continent_link] ([country_ID], [continent_ID]) VALUES (7, N'AS')
INSERT INTO [dbo].[country_continent_link] ([country_ID], [continent_ID]) VALUES (15, N'AS')
INSERT INTO [dbo].[country_continent_link] ([country_ID], [continent_ID]) VALUES (18, N'AS')
INSERT INTO [dbo].[country_continent_link] ([country_ID], [continent_ID]) VALUES (22, N'AS')
INSERT INTO [dbo].[country_continent_link] ([country_ID], [continent_ID]) VALUES (27, N'AS')
INSERT INTO [dbo].[country_continent_link] ([country_ID], [continent_ID]) VALUES (32, N'AS')
INSERT INTO [dbo].[country_continent_link] ([country_ID], [continent_ID]) VALUES (38, N'AS')
INSERT INTO [dbo].[country_continent_link] ([country_ID], [continent_ID]) VALUES (47, N'AS')
INSERT INTO [dbo].[country_continent_link] ([country_ID], [continent_ID]) VALUES (78, N'AS')
INSERT INTO [dbo].[country_continent_link] ([country_ID], [continent_ID]) VALUES (94, N'AS')
INSERT INTO [dbo].[country_continent_link] ([country_ID], [continent_ID]) VALUES (100, N'AS')
INSERT INTO [dbo].[country_continent_link] ([country_ID], [continent_ID]) VALUES (102, N'AS')
INSERT INTO [dbo].[country_continent_link] ([country_ID], [continent_ID]) VALUES (104, N'AS')
INSERT INTO [dbo].[country_continent_link] ([country_ID], [continent_ID]) VALUES (105, N'AS')
INSERT INTO [dbo].[country_continent_link] ([country_ID], [continent_ID]) VALUES (106, N'AS')
INSERT INTO [dbo].[country_continent_link] ([country_ID], [continent_ID]) VALUES (107, N'AS')
INSERT INTO [dbo].[country_continent_link] ([country_ID], [continent_ID]) VALUES (112, N'AS')
INSERT INTO [dbo].[country_continent_link] ([country_ID], [continent_ID]) VALUES (113, N'AS')
INSERT INTO [dbo].[country_continent_link] ([country_ID], [continent_ID]) VALUES (115, N'AS')
INSERT INTO [dbo].[country_continent_link] ([country_ID], [continent_ID]) VALUES (116, N'AS')
INSERT INTO [dbo].[country_continent_link] ([country_ID], [continent_ID]) VALUES (120, N'AS')
INSERT INTO [dbo].[country_continent_link] ([country_ID], [continent_ID]) VALUES (121, N'AS')
INSERT INTO [dbo].[country_continent_link] ([country_ID], [continent_ID]) VALUES (122, N'AS')
INSERT INTO [dbo].[country_continent_link] ([country_ID], [continent_ID]) VALUES (124, N'AS')
INSERT INTO [dbo].[country_continent_link] ([country_ID], [continent_ID]) VALUES (125, N'AS')
INSERT INTO [dbo].[country_continent_link] ([country_ID], [continent_ID]) VALUES (126, N'AS')
INSERT INTO [dbo].[country_continent_link] ([country_ID], [continent_ID]) VALUES (129, N'AS')
INSERT INTO [dbo].[country_continent_link] ([country_ID], [continent_ID]) VALUES (145, N'AS')
INSERT INTO [dbo].[country_continent_link] ([country_ID], [continent_ID]) VALUES (146, N'AS')
INSERT INTO [dbo].[country_continent_link] ([country_ID], [continent_ID]) VALUES (147, N'AS')
INSERT INTO [dbo].[country_continent_link] ([country_ID], [continent_ID]) VALUES (154, N'AS')
INSERT INTO [dbo].[country_continent_link] ([country_ID], [continent_ID]) VALUES (157, N'AS')
INSERT INTO [dbo].[country_continent_link] ([country_ID], [continent_ID]) VALUES (167, N'AS')
INSERT INTO [dbo].[country_continent_link] ([country_ID], [continent_ID]) VALUES (171, N'AS')
INSERT INTO [dbo].[country_continent_link] ([country_ID], [continent_ID]) VALUES (176, N'AS')
INSERT INTO [dbo].[country_continent_link] ([country_ID], [continent_ID]) VALUES (177, N'AS')
INSERT INTO [dbo].[country_continent_link] ([country_ID], [continent_ID]) VALUES (182, N'AS')
INSERT INTO [dbo].[country_continent_link] ([country_ID], [continent_ID]) VALUES (186, N'AS')
INSERT INTO [dbo].[country_continent_link] ([country_ID], [continent_ID]) VALUES (192, N'AS')
INSERT INTO [dbo].[country_continent_link] ([country_ID], [continent_ID]) VALUES (197, N'AS')
INSERT INTO [dbo].[country_continent_link] ([country_ID], [continent_ID]) VALUES (211, N'AS')
INSERT INTO [dbo].[country_continent_link] ([country_ID], [continent_ID]) VALUES (217, N'AS')
INSERT INTO [dbo].[country_continent_link] ([country_ID], [continent_ID]) VALUES (218, N'AS')
INSERT INTO [dbo].[country_continent_link] ([country_ID], [continent_ID]) VALUES (221, N'AS')
INSERT INTO [dbo].[country_continent_link] ([country_ID], [continent_ID]) VALUES (224, N'AS')
INSERT INTO [dbo].[country_continent_link] ([country_ID], [continent_ID]) VALUES (227, N'AS')
INSERT INTO [dbo].[country_continent_link] ([country_ID], [continent_ID]) VALUES (234, N'AS')
INSERT INTO [dbo].[country_continent_link] ([country_ID], [continent_ID]) VALUES (240, N'AS')
INSERT INTO [dbo].[country_continent_link] ([country_ID], [continent_ID]) VALUES (245, N'AS')
INSERT INTO [dbo].[country_continent_link] ([country_ID], [continent_ID]) VALUES (1, N'EU')
INSERT INTO [dbo].[country_continent_link] ([country_ID], [continent_ID]) VALUES (6, N'EU')
INSERT INTO [dbo].[country_continent_link] ([country_ID], [continent_ID]) VALUES (11, N'EU')
INSERT INTO [dbo].[country_continent_link] ([country_ID], [continent_ID]) VALUES (14, N'EU')
INSERT INTO [dbo].[country_continent_link] ([country_ID], [continent_ID]) VALUES (16, N'EU')
INSERT INTO [dbo].[country_continent_link] ([country_ID], [continent_ID]) VALUES (19, N'EU')
INSERT INTO [dbo].[country_continent_link] ([country_ID], [continent_ID]) VALUES (21, N'EU')
INSERT INTO [dbo].[country_continent_link] ([country_ID], [continent_ID]) VALUES (35, N'EU')
INSERT INTO [dbo].[country_continent_link] ([country_ID], [continent_ID]) VALUES (42, N'EU')
INSERT INTO [dbo].[country_continent_link] ([country_ID], [continent_ID]) VALUES (54, N'EU')
INSERT INTO [dbo].[country_continent_link] ([country_ID], [continent_ID]) VALUES (55, N'EU')
INSERT INTO [dbo].[country_continent_link] ([country_ID], [continent_ID]) VALUES (56, N'EU')
INSERT INTO [dbo].[country_continent_link] ([country_ID], [continent_ID]) VALUES (58, N'EU')
INSERT INTO [dbo].[country_continent_link] ([country_ID], [continent_ID]) VALUES (63, N'EU')
INSERT INTO [dbo].[country_continent_link] ([country_ID], [continent_ID]) VALUES (67, N'EU')
INSERT INTO [dbo].[country_continent_link] ([country_ID], [continent_ID]) VALUES (69, N'EU')
INSERT INTO [dbo].[country_continent_link] ([country_ID], [continent_ID]) VALUES (73, N'EU')
INSERT INTO [dbo].[country_continent_link] ([country_ID], [continent_ID]) VALUES (74, N'EU')
INSERT INTO [dbo].[country_continent_link] ([country_ID], [continent_ID]) VALUES (76, N'EU')
INSERT INTO [dbo].[country_continent_link] ([country_ID], [continent_ID]) VALUES (80, N'EU')
INSERT INTO [dbo].[country_continent_link] ([country_ID], [continent_ID]) VALUES (82, N'EU')
INSERT INTO [dbo].[country_continent_link] ([country_ID], [continent_ID]) VALUES (88, N'EU')
INSERT INTO [dbo].[country_continent_link] ([country_ID], [continent_ID]) VALUES (97, N'EU')
INSERT INTO [dbo].[country_continent_link] ([country_ID], [continent_ID]) VALUES (99, N'EU')
INSERT INTO [dbo].[country_continent_link] ([country_ID], [continent_ID]) VALUES (101, N'EU')
INSERT INTO [dbo].[country_continent_link] ([country_ID], [continent_ID]) VALUES (103, N'EU')
INSERT INTO [dbo].[country_continent_link] ([country_ID], [continent_ID]) VALUES (108, N'EU')
INSERT INTO [dbo].[country_continent_link] ([country_ID], [continent_ID]) VALUES (109, N'EU')
INSERT INTO [dbo].[country_continent_link] ([country_ID], [continent_ID]) VALUES (110, N'EU')
INSERT INTO [dbo].[country_continent_link] ([country_ID], [continent_ID]) VALUES (128, N'EU')
INSERT INTO [dbo].[country_continent_link] ([country_ID], [continent_ID]) VALUES (132, N'EU')
INSERT INTO [dbo].[country_continent_link] ([country_ID], [continent_ID]) VALUES (133, N'EU')
INSERT INTO [dbo].[country_continent_link] ([country_ID], [continent_ID]) VALUES (134, N'EU')
INSERT INTO [dbo].[country_continent_link] ([country_ID], [continent_ID]) VALUES (137, N'EU')
INSERT INTO [dbo].[country_continent_link] ([country_ID], [continent_ID]) VALUES (138, N'EU')
INSERT INTO [dbo].[country_continent_link] ([country_ID], [continent_ID]) VALUES (139, N'EU')
INSERT INTO [dbo].[country_continent_link] ([country_ID], [continent_ID]) VALUES (143, N'EU')
INSERT INTO [dbo].[country_continent_link] ([country_ID], [continent_ID]) VALUES (152, N'EU')
INSERT INTO [dbo].[country_continent_link] ([country_ID], [continent_ID]) VALUES (165, N'EU')
INSERT INTO [dbo].[country_continent_link] ([country_ID], [continent_ID]) VALUES (166, N'EU')
INSERT INTO [dbo].[country_continent_link] ([country_ID], [continent_ID]) VALUES (178, N'EU')
INSERT INTO [dbo].[country_continent_link] ([country_ID], [continent_ID]) VALUES (183, N'EU')
INSERT INTO [dbo].[country_continent_link] ([country_ID], [continent_ID]) VALUES (188, N'EU')
INSERT INTO [dbo].[country_continent_link] ([country_ID], [continent_ID]) VALUES (189, N'EU')
INSERT INTO [dbo].[country_continent_link] ([country_ID], [continent_ID]) VALUES (190, N'EU')
INSERT INTO [dbo].[country_continent_link] ([country_ID], [continent_ID]) VALUES (196, N'EU')
INSERT INTO [dbo].[country_continent_link] ([country_ID], [continent_ID]) VALUES (199, N'EU')
INSERT INTO [dbo].[country_continent_link] ([country_ID], [continent_ID]) VALUES (200, N'EU')
INSERT INTO [dbo].[country_continent_link] ([country_ID], [continent_ID]) VALUES (201, N'EU')
INSERT INTO [dbo].[country_continent_link] ([country_ID], [continent_ID]) VALUES (203, N'EU')
INSERT INTO [dbo].[country_continent_link] ([country_ID], [continent_ID]) VALUES (229, N'EU')
INSERT INTO [dbo].[country_continent_link] ([country_ID], [continent_ID]) VALUES (235, N'EU')
INSERT INTO [dbo].[country_continent_link] ([country_ID], [continent_ID]) VALUES (4, N'NA')
INSERT INTO [dbo].[country_continent_link] ([country_ID], [continent_ID]) VALUES (5, N'NA')
INSERT INTO [dbo].[country_continent_link] ([country_ID], [continent_ID]) VALUES (13, N'NA')
INSERT INTO [dbo].[country_continent_link] ([country_ID], [continent_ID]) VALUES (17, N'NA')
INSERT INTO [dbo].[country_continent_link] ([country_ID], [continent_ID]) VALUES (25, N'NA')
INSERT INTO [dbo].[country_continent_link] ([country_ID], [continent_ID]) VALUES (26, N'NA')
INSERT INTO [dbo].[country_continent_link] ([country_ID], [continent_ID]) VALUES (29, N'NA')
INSERT INTO [dbo].[country_continent_link] ([country_ID], [continent_ID]) VALUES (31, N'NA')
INSERT INTO [dbo].[country_continent_link] ([country_ID], [continent_ID]) VALUES (36, N'NA')
INSERT INTO [dbo].[country_continent_link] ([country_ID], [continent_ID]) VALUES (37, N'NA')
INSERT INTO [dbo].[country_continent_link] ([country_ID], [continent_ID]) VALUES (49, N'NA')
INSERT INTO [dbo].[country_continent_link] ([country_ID], [continent_ID]) VALUES (50, N'NA')
INSERT INTO [dbo].[country_continent_link] ([country_ID], [continent_ID]) VALUES (52, N'NA')
INSERT INTO [dbo].[country_continent_link] ([country_ID], [continent_ID]) VALUES (59, N'NA')
INSERT INTO [dbo].[country_continent_link] ([country_ID], [continent_ID]) VALUES (60, N'NA')
INSERT INTO [dbo].[country_continent_link] ([country_ID], [continent_ID]) VALUES (77, N'NA')
INSERT INTO [dbo].[country_continent_link] ([country_ID], [continent_ID]) VALUES (83, N'NA')
INSERT INTO [dbo].[country_continent_link] ([country_ID], [continent_ID]) VALUES (86, N'NA')
INSERT INTO [dbo].[country_continent_link] ([country_ID], [continent_ID]) VALUES (90, N'NA')
INSERT INTO [dbo].[country_continent_link] ([country_ID], [continent_ID]) VALUES (96, N'NA')
INSERT INTO [dbo].[country_continent_link] ([country_ID], [continent_ID]) VALUES (98, N'NA')
INSERT INTO [dbo].[country_continent_link] ([country_ID], [continent_ID]) VALUES (111, N'NA')
INSERT INTO [dbo].[country_continent_link] ([country_ID], [continent_ID]) VALUES (119, N'NA')
INSERT INTO [dbo].[country_continent_link] ([country_ID], [continent_ID]) VALUES (123, N'NA')
INSERT INTO [dbo].[country_continent_link] ([country_ID], [continent_ID]) VALUES (127, N'NA')
INSERT INTO [dbo].[country_continent_link] ([country_ID], [continent_ID]) VALUES (140, N'NA')
INSERT INTO [dbo].[country_continent_link] ([country_ID], [continent_ID]) VALUES (149, N'NA')
INSERT INTO [dbo].[country_continent_link] ([country_ID], [continent_ID]) VALUES (151, N'NA')
INSERT INTO [dbo].[country_continent_link] ([country_ID], [continent_ID]) VALUES (156, N'NA')
INSERT INTO [dbo].[country_continent_link] ([country_ID], [continent_ID]) VALUES (164, N'NA')
INSERT INTO [dbo].[country_continent_link] ([country_ID], [continent_ID]) VALUES (172, N'NA')
INSERT INTO [dbo].[country_continent_link] ([country_ID], [continent_ID]) VALUES (179, N'NA')
INSERT INTO [dbo].[country_continent_link] ([country_ID], [continent_ID]) VALUES (181, N'NA')
INSERT INTO [dbo].[country_continent_link] ([country_ID], [continent_ID]) VALUES (209, N'NA')
INSERT INTO [dbo].[country_continent_link] ([country_ID], [continent_ID]) VALUES (210, N'NA')
INSERT INTO [dbo].[country_continent_link] ([country_ID], [continent_ID]) VALUES (213, N'NA')
INSERT INTO [dbo].[country_continent_link] ([country_ID], [continent_ID]) VALUES (225, N'NA')
INSERT INTO [dbo].[country_continent_link] ([country_ID], [continent_ID]) VALUES (232, N'NA')
INSERT INTO [dbo].[country_continent_link] ([country_ID], [continent_ID]) VALUES (236, N'NA')
INSERT INTO [dbo].[country_continent_link] ([country_ID], [continent_ID]) VALUES (238, N'NA')
INSERT INTO [dbo].[country_continent_link] ([country_ID], [continent_ID]) VALUES (239, N'NA')
INSERT INTO [dbo].[country_continent_link] ([country_ID], [continent_ID]) VALUES (10, N'OC')
INSERT INTO [dbo].[country_continent_link] ([country_ID], [continent_ID]) VALUES (12, N'OC')
INSERT INTO [dbo].[country_continent_link] ([country_ID], [continent_ID]) VALUES (44, N'OC')
INSERT INTO [dbo].[country_continent_link] ([country_ID], [continent_ID]) VALUES (53, N'OC')
INSERT INTO [dbo].[country_continent_link] ([country_ID], [continent_ID]) VALUES (70, N'OC')
INSERT INTO [dbo].[country_continent_link] ([country_ID], [continent_ID]) VALUES (72, N'OC')
INSERT INTO [dbo].[country_continent_link] ([country_ID], [continent_ID]) VALUES (91, N'OC')
INSERT INTO [dbo].[country_continent_link] ([country_ID], [continent_ID]) VALUES (117, N'OC')
INSERT INTO [dbo].[country_continent_link] ([country_ID], [continent_ID]) VALUES (142, N'OC')
INSERT INTO [dbo].[country_continent_link] ([country_ID], [continent_ID]) VALUES (148, N'OC')
INSERT INTO [dbo].[country_continent_link] ([country_ID], [continent_ID]) VALUES (160, N'OC')
INSERT INTO [dbo].[country_continent_link] ([country_ID], [continent_ID]) VALUES (162, N'OC')
INSERT INTO [dbo].[country_continent_link] ([country_ID], [continent_ID]) VALUES (168, N'OC')
INSERT INTO [dbo].[country_continent_link] ([country_ID], [continent_ID]) VALUES (169, N'OC')
INSERT INTO [dbo].[country_continent_link] ([country_ID], [continent_ID]) VALUES (170, N'OC')
INSERT INTO [dbo].[country_continent_link] ([country_ID], [continent_ID]) VALUES (174, N'OC')
INSERT INTO [dbo].[country_continent_link] ([country_ID], [continent_ID]) VALUES (175, N'OC')
INSERT INTO [dbo].[country_continent_link] ([country_ID], [continent_ID]) VALUES (180, N'OC')
INSERT INTO [dbo].[country_continent_link] ([country_ID], [continent_ID]) VALUES (184, N'OC')
INSERT INTO [dbo].[country_continent_link] ([country_ID], [continent_ID]) VALUES (193, N'OC')
INSERT INTO [dbo].[country_continent_link] ([country_ID], [continent_ID]) VALUES (219, N'OC')
INSERT INTO [dbo].[country_continent_link] ([country_ID], [continent_ID]) VALUES (220, N'OC')
INSERT INTO [dbo].[country_continent_link] ([country_ID], [continent_ID]) VALUES (223, N'OC')
INSERT INTO [dbo].[country_continent_link] ([country_ID], [continent_ID]) VALUES (226, N'OC')
INSERT INTO [dbo].[country_continent_link] ([country_ID], [continent_ID]) VALUES (231, N'OC')
INSERT INTO [dbo].[country_continent_link] ([country_ID], [continent_ID]) VALUES (241, N'OC')
INSERT INTO [dbo].[country_continent_link] ([country_ID], [continent_ID]) VALUES (242, N'OC')
INSERT INTO [dbo].[country_continent_link] ([country_ID], [continent_ID]) VALUES (243, N'OC')
INSERT INTO [dbo].[country_continent_link] ([country_ID], [continent_ID]) VALUES (9, N'SA')
INSERT INTO [dbo].[country_continent_link] ([country_ID], [continent_ID]) VALUES (28, N'SA')
INSERT INTO [dbo].[country_continent_link] ([country_ID], [continent_ID]) VALUES (30, N'SA')
INSERT INTO [dbo].[country_continent_link] ([country_ID], [continent_ID]) VALUES (45, N'SA')
INSERT INTO [dbo].[country_continent_link] ([country_ID], [continent_ID]) VALUES (48, N'SA')
INSERT INTO [dbo].[country_continent_link] ([country_ID], [continent_ID]) VALUES (62, N'SA')
INSERT INTO [dbo].[country_continent_link] ([country_ID], [continent_ID]) VALUES (71, N'SA')
INSERT INTO [dbo].[country_continent_link] ([country_ID], [continent_ID]) VALUES (79, N'SA')
INSERT INTO [dbo].[country_continent_link] ([country_ID], [continent_ID]) VALUES (93, N'SA')
INSERT INTO [dbo].[country_continent_link] ([country_ID], [continent_ID]) VALUES (173, N'SA')
INSERT INTO [dbo].[country_continent_link] ([country_ID], [continent_ID]) VALUES (185, N'SA')
INSERT INTO [dbo].[country_continent_link] ([country_ID], [continent_ID]) VALUES (206, N'SA')
INSERT INTO [dbo].[country_continent_link] ([country_ID], [continent_ID]) VALUES (233, N'SA')
INSERT INTO [dbo].[country_continent_link] ([country_ID], [continent_ID]) VALUES (237, N'SA')
